image_id,class_id,score
16655315,4,1.402150035
16655317,4,1.433214188
16655319,4,1.145606399
16655331,4,1.339532375
16655445,4,1.358910561
16655449,4,1.36145997
16655454,4,1.657085776
16655455,4,1.676849604
16655456,4,1.17656219
16655457,4,1.337140322
16672422,1,1.25777781
16672729,4,0.679194033
16682695,4,1.689600229
16682697,4,1.637619257
16682699,4,1.481810451
16682703,4,1.40825367
16682708,4,1.459307194
16682717,4,1.743317723
16685064,3,1.100753903
16686948,4,1.172596097
16686955,4,1.083323598
16686958,7,1.476416111
16687049,1,1.22359252
16689774,6,1.081895113
16691457,5,0.757932663
16698479,3,1.020949006
16721053,5,1.400971889
16723549,5,1.499997139
16723868,6,1.470327616
16736408,5,1.245712996
16736454,2,1.221007586
16736553,4,1.229483604
16745244,7,1.660496473
16745246,7,1.642195821
16745288,7,1.765628338
16745299,7,1.491340637
16745328,7,1.917445183
16745332,7,1.970084786
16745340,7,1.449878693
16745346,7,1.955958605
16745347,7,1.619124532
16745349,7,1.579340696
16745353,7,1.612702966
16745354,7,1.671324968
16745357,7,1.753767371
16745359,7,1.616275311
16745361,7,1.543468952
16745365,7,1.704257369
16745370,7,1.915052891
16745373,7,1.627907991
16745376,7,1.416943312
16745381,7,1.600929976
16745382,2,0.889506578
16745386,7,1.812437773
16745388,7,1.758650184
16745389,1,1.850955367
16745390,7,1.783223867
16745397,1,1.109039664
16745400,7,1.392560363
16745401,7,1.66925931
16745406,7,1.7590487
16745414,7,1.290010214
16745447,7,1.252563
16745450,7,1.857517958
16745456,7,1.652790546
16745459,1,1.043725371
16745476,7,1.714443088
16745563,7,2.028639555
16745574,7,1.54240799
16745577,7,1.71706593
16745584,7,1.649167418
16745586,7,1.826368093
16745594,7,1.501612663
16745599,7,1.914826274
16745636,7,2.087190866
16745637,7,1.596008062
16745658,7,1.74452424
16745726,7,1.57751739
16745747,7,1.73331666
16745752,7,1.561671615
16745773,7,1.701394439
16745813,7,1.511912584
16745858,4,1.478116393
16746076,7,1.682912588
16746081,7,1.364311695
16746089,7,1.766197681
16746096,7,1.432274938
16746113,7,1.358551383
16746118,7,1.756992579
16746126,7,1.168272972
16747192,2,0.548146367
16747194,1,0.744915724
16750810,3,0.397183448
16756424,6,0.617281199
16756947,4,1.221771955
16756965,3,1.351704836
16756968,8,1.129261494
16756971,3,1.338900685
16764455,4,1.265969992
16782705,3,0.737787962
16804472,6,0.895410776
16804482,3,0.909591079
16804487,4,0.504272163
16804489,4,0.98279655
16804493,0,0.900319397
16804549,1,0.891604483
16804551,4,1.334804058
16804553,4,1.036469936
16804557,4,0.866449356
16804561,4,1.04756093
16804574,4,0.763566136
16811526,6,1.386847734
16814181,7,0.921173692
16839640,3,0.95490706
16839649,4,-0.06886588
16839650,6,1.008228064
16841505,1,1.10159862
16849176,4,1.344976425
16849279,5,0.676107526
16861456,1,1.248117447
16861458,1,1.355311036
16861459,2,0.418112338
16861468,2,0.314059496
16862190,4,1.466575503
16893728,6,1.642570734
16899813,4,1.402167439
16899815,4,1.059413314
16904723,6,1.525747418
16904726,6,1.106332779
16904727,6,0.746035516
16921253,7,0.332210243
16921415,1,0.50142467
16921601,7,0.812248468
16923426,6,1.476435423
16923431,6,1.071803927
16923488,3,0.4563438
16928982,4,0.964009047
16938254,6,1.456153631
16938746,8,1.354181409
16938827,5,0.800922096
16980288,2,0.747796655
16980292,8,1.364704728
16980308,3,1.067888737
16980355,3,1.289013147
16980359,6,1.362183213
16980363,6,1.140979767
16997045,8,2.173819065
16997047,8,1.571713686
16997051,8,1.86707139
16997053,8,1.866823435
16997086,8,1.303068399
16997087,8,1.41968751
16997090,8,1.480709314
16997092,8,1.873198748
16997124,8,1.85930717
16997125,8,1.689199924
16997127,8,1.879363537
16997130,8,1.915347457
16997131,8,1.771086216
16997133,8,1.437366605
16997245,8,1.776423693
16997247,8,1.657334447
16997252,8,2.122065544
16997253,8,2.315597057
16997254,8,1.749035597
16997268,8,1.647089005
16997278,8,1.740622282
16997279,8,1.352441072
16997284,8,1.605563641
16997286,8,2.252496958
16997287,8,1.820796728
16997680,8,1.751214981
16997681,8,1.951741934
16997683,8,2.304436684
16997871,8,2.132055759
16997873,8,1.990768433
16998002,8,1.987203121
16998160,8,1.726395369
16998161,8,1.831530571
16998163,8,2.010735512
16998176,8,1.644742727
16998202,8,2.16479826
16998983,8,1.507502437
16999042,8,2.264128685
16999056,8,2.043139219
16999282,8,1.634870768
16999487,8,1.848372221
16999490,8,2.048417807
16999650,8,1.554644465
16999653,8,1.864789486
16999679,8,1.420875549
16999686,8,1.640962839
16999687,8,1.632029533
16999691,8,1.443031788
16999718,8,2.181916714
16999721,8,2.323835373
16999724,8,2.040679932
16999727,8,2.182348967
16999731,8,1.891374826
16999732,8,1.749817729
16999861,8,1.839106679
16999862,8,2.149332523
16999900,8,1.640002728
16999901,8,1.806480408
16999915,8,2.250863552
16999916,8,2.152238846
16999929,8,2.142243862
17000054,8,1.398871899
17000056,8,2.155403137
17000069,8,1.545154095
17000095,8,2.069682837
17000096,8,1.862540245
17003560,8,2.095727444
17003563,8,1.817338228
17003576,8,2.080538988
17003616,8,2.057362795
17003628,8,1.930679321
17003789,8,2.069960594
17003823,8,1.999138236
17003991,8,2.52697897
17004180,8,1.758349419
17004230,8,1.733427167
17004346,8,1.572570562
17004390,8,1.696308017
17004554,8,1.931035519
17004609,8,2.404445171
17004621,8,2.497649193
17004813,8,2.220920801
17004966,8,1.833434582
17005700,8,1.898813605
17005739,8,1.685794115
17006009,8,1.619840264
17006156,8,1.739952445
17006169,8,1.865097284
17006218,8,1.811220884
17006221,8,1.687988043
17006355,8,1.852078438
17006368,8,1.907052279
17006369,8,1.983007669
17006381,8,2.294589043
17006424,8,2.317052364
17006426,8,2.272062302
17006431,8,1.951476812
17006800,8,1.603824377
17006802,8,1.697867155
17006963,8,1.836653709
17006967,8,1.851723313
17006973,8,1.809494257
17007061,8,1.650335312
17007114,8,1.791483879
17007117,8,1.823263288
17007128,8,2.155945301
17007459,8,1.825485468
17007462,8,2.044647217
17007465,8,1.631665707
17007470,8,2.114723444
17007471,8,1.856082082
17007472,8,1.960139036
17007499,8,2.238026142
17007505,8,1.768278003
17007658,8,1.736093044
17007664,8,1.958950758
17007713,8,2.199977398
17007853,8,2.144566059
17007857,8,2.028988123
17008018,8,1.755703688
17008024,8,1.668227673
17008025,8,1.480890393
17008031,8,1.572617292
17008032,8,2.280590296
17008033,8,1.775969028
17008151,8,2.151259899
17008193,8,1.982845783
17008226,8,1.966713548
17008231,8,1.911829948
17008235,8,1.898879766
17008351,8,1.872767687
17008353,8,2.417233944
17008384,8,1.976089239
17008392,8,1.781668186
17008420,8,1.859227657
17008436,8,2.228219271
17008541,8,1.730559111
17008543,8,1.970811844
17008547,8,1.81250608
17033895,4,2.12048912
17036672,3,1.74186492
17040983,4,2.0454216
17041599,5,0.959589005
17041600,8,1.084685564
17041606,7,0.80022651
17068604,6,1.085476875
17070272,5,0.842642248
17070275,8,1.094839454
17070283,5,0.632003009
17070285,7,1.058276534
17072238,6,0.592400312
17072240,4,1.247035623
17072975,6,1.541038752
17072976,6,-0.047795862
17072977,6,1.61029613
17072980,4,1.050087333
17073000,5,1.124969363
17078458,4,1.190108538
17092006,4,2.018625259
17092619,4,1.912482858
17119191,8,1.32450974
17126126,6,1.180692196
17126128,5,1.254298687
17126132,5,1.307726622
17126177,2,0.694030643
17127823,4,1.579509854
17129514,7,1.348532915
17130302,1,1.236388445
17130310,1,1.199563503
17135054,1,0.702090323
17135475,5,1.101157665
17149983,5,1.161328912
17150194,3,1.245133042
17150571,8,1.490386963
17153197,8,1.569835424
17154023,4,1.436113358
17154028,4,1.419317484
17154031,4,1.159412742
17154042,4,1.199286461
17154045,4,1.789429665
17154046,4,1.312184453
17154049,4,1.81844449
17154051,4,1.668775201
17154055,4,1.55886066
17154059,7,0.927604675
17154547,6,1.527887464
17154981,6,0.819755197
17156604,4,1.213814259
17156628,4,0.137014836
17156632,4,1.060245991
17156749,7,1.622808456
17157642,4,1.602235913
17157647,4,1.36926651
17157871,4,1.636579275
17157875,6,1.208223104
17157930,1,1.288791299
17157936,4,1.915309668
17158049,5,1.687189817
17158061,5,1.580747128
17167796,3,0.65895462
17167996,4,1.523588896
17170100,6,0.838505626
17170108,6,1.020374417
17170111,6,1.301709533
17170113,6,1.039940596
17170830,4,1.340739489
17173766,7,1.897149444
17184356,4,0.464595914
17187638,4,1.095438004
17187640,4,1.344021916
17280461,7,0.985768914
23428150,4,1.284819484
23438981,5,1.075434566
23438991,1,0.917681456
23438996,5,0.770392895
23439014,4,1.497416615
23439031,4,1.213276386
23446304,4,1.48549521
23446333,4,1.778628945
23446348,4,1.809871435
23446374,4,0.798651814
23448951,7,1.351868629
23456704,4,1.481787324
23475719,4,1.445938349
23475842,4,1.066747069
23475871,8,0.984679461
23476197,4,0.97844106
23476201,1,1.102273703
23476978,2,0.864947617
23476980,7,1.119891405
23477346,3,1.07278347
23478350,9,1.008318424
23478376,5,0.914491177
23478380,4,1.106506586
23478383,4,0.884679019
23480706,5,1.759945393
23480757,5,1.308185458
23482093,4,1.805898309
23492594,5,0.807579637
23492625,2,1.025219321
23492634,2,0.928212047
23492649,2,0.839210629
23493340,4,2.069345236
23493431,4,2.123413563
23493436,4,2.12048912
23493503,4,2.005156994
23493544,7,1.881077409
23496150,4,1.953517079
23496203,4,2.204462051
23500969,6,1.03022778
23508703,7,1.228799224
23509030,1,1.302715659
23509144,1,1.04832232
23509195,1,0.901632667
23509250,1,0.710695863
23509319,1,0.930927098
23509330,1,1.480649471
23509343,1,1.373343706
23509354,1,1.54512763
23509380,1,0.998040676
23509382,1,1.210679412
23509395,1,1.200668931
23509420,1,1.582130075
23509436,1,1.194518089
23509547,1,1.291104436
23509580,1,1.532489538
23509595,1,1.532715559
23509625,1,1.367576838
23509669,1,1.310492873
23509742,1,1.471383572
23509750,1,1.116465926
23509757,1,1.14771688
23509782,6,0.870065928
23509793,6,0.737697065
23509811,1,0.993131757
23509829,6,0.673066556
23509963,1,0.698445439
23509970,1,0.7095415
23510148,3,1.0225842
23510165,5,1.215546846
23510166,8,0.955210626
23510177,8,0.986326337
23510204,6,0.941422522
23510259,4,1.419398069
23510359,3,0.663986862
23510403,3,1.181967974
23510406,3,0.992830455
23510413,3,1.006491184
23510417,3,1.089723587
23510577,5,1.001687169
23510639,1,1.1390481
23510648,7,0.886604846
23510660,1,0.995774329
23510799,1,1.091007471
23510818,3,0.748262405
23510821,3,0.377815187
23510831,1,0.802805424
23510926,1,1.377583981
23510927,1,0.991419494
23510951,1,1.325117588
23510994,1,0.957544804
23511033,1,0.589060783
23511054,1,1.527993202
23511080,1,1.434238434
23511125,1,1.591108799
23511134,1,1.824057341
23511137,1,1.260329485
23511190,1,1.320714831
23511224,1,0.951885164
23511243,1,0.978292882
23511255,1,1.532751322
23511278,1,1.293871403
23511281,1,1.306193829
23511334,1,0.681215048
23511344,6,0.803238988
23511392,6,1.02392447
23511450,6,0.399740368
23511483,1,1.379262209
23511493,3,0.980237246
23511557,1,1.162835598
23511594,1,1.252230406
23511645,1,0.818723857
23511651,8,1.016135573
23511683,3,0.639507353
23511724,8,0.870735347
23511806,1,1.150493741
23511873,6,1.40872395
23511877,6,0.998482943
23511888,4,1.231131673
23511900,6,0.960422158
23511914,4,0.886745036
23511916,4,1.107662797
23512102,1,1.237403631
23512159,6,0.846223235
23512163,6,0.731516719
23512165,7,0.989722729
23512229,3,1.232875824
23512301,1,1.248416185
23512315,0,0.754255474
23512363,1,0.856173396
23512365,1,0.708419085
23512372,1,0.753801882
23512400,1,0.903539658
23512414,1,1.114899635
23512466,2,0.518006086
23512512,1,1.306650281
23512566,1,1.147348404
23512572,1,1.463265419
23512575,1,0.997044086
23512614,1,1.059920788
23512664,1,1.622468948
23512738,1,1.511547327
23512760,1,1.038542867
23512761,1,0.990986109
23512774,1,1.230064631
23512776,1,1.200586319
23512777,1,1.349228144
23512788,1,0.963055313
23512820,1,0.661203027
23512936,6,0.697758734
23512946,4,1.111547232
23512954,1,0.93012476
23512956,6,1.249324918
23512980,8,0.840759695
23512992,6,1.084961891
23513041,1,1.308161855
23513043,1,0.846959114
23513068,4,1.329058528
23513080,8,0.732524991
23513087,6,1.153303504
23513136,4,1.465078592
23513195,6,1.235821843
23513250,5,0.975915074
23513284,3,0.959907055
23513287,3,0.879446924
23513318,5,0.870836198
23513443,7,1.552515984
23513484,7,1.299914837
23514076,8,1.348705649
23514117,5,1.219827175
23514459,1,1.126173139
23514464,1,1.540546894
23514472,1,0.991678417
23514476,1,1.170015454
23527670,4,1.419269562
23528473,4,2.062238455
23528486,4,1.283033967
23528689,1,1.335345507
23528950,8,1.070289969
23529144,4,1.155167937
23576609,8,1.148654938
23576620,3,1.218828559
23576621,5,1.133427739
23576625,5,1.859603882
23576627,3,1.487949252
23576635,6,1.057196856
23576740,6,0.952870011
23576746,6,1.381268501
23576747,6,0.667770743
23576750,8,1.270073533
23576754,6,1.376097322
23576755,6,0.482811809
23576812,4,1.476402164
23593065,4,1.295661092
23599014,9,0.328277439
23599018,3,0.53783989
23599029,3,0.234826028
23600395,7,0.757496357
23600398,4,0.951831281
23600409,3,0.773238361
23600707,5,1.374338269
23611407,3,1.152498245
23614327,4,1.589186192
23678172,3,0.939407945
23678179,4,1.309886575
23678183,4,1.429670095
23684470,0,0.618677378
23684472,6,1.174563885
23684490,6,0.33153379
23684507,4,0.666998625
23684511,4,1.077415347
23684517,6,0.821918726
23684519,6,1.232275009
23684523,5,1.012222648
23684525,0,0.937203467
23684526,6,0.912797093
23684528,5,0.142109737
23684530,3,1.23082006
23688400,1,1.340812206
23688904,4,1.437728882
23688924,4,1.479904771
23688929,4,1.329942226
23688945,4,1.698435783
23688953,4,1.755151749
23689082,5,0.553345501
23689126,0,0.423624963
23689132,2,0.047957573
23689135,2,0.446115166
23689202,3,0.866018832
23689347,1,0.562803745
23689352,4,0.710433841
23689358,1,0.565277338
23689361,4,1.182855487
23694809,4,0.79800415
23703795,6,0.686984122
23721153,1,1.707061768
23729549,5,0.879819393
23730824,4,1.36105907
23730835,2,0.680012405
23730842,1,1.5067693
23730854,3,1.41042757
23745854,8,1.017540216
23745911,8,1.004649639
23746803,4,1.979858398
23746941,6,1.176223278
23747119,4,2.082993031
23747271,4,2.037662029
23747894,8,1.107168436
23747905,8,1.681124091
23747945,8,0.756400049
23747953,8,1.250968099
23747968,8,1.336459637
23749827,4,1.386809826
23754063,7,1.422725797
23754064,7,1.67718482
23754065,1,1.159060121
23754067,1,1.090818286
23754076,6,1.429596663
23754077,7,1.377009749
23754078,7,0.793943405
23754085,5,1.258250237
23754086,1,1.104833603
23754087,5,0.93021059
23754093,7,1.17325902
23754094,7,1.024695635
23754097,7,0.966274261
23754098,7,1.436820149
23754100,7,1.326316833
23754101,1,1.027000904
23754103,1,1.465660572
23754115,7,1.343656301
23754116,7,1.376727343
23754122,7,0.920864999
23754146,7,0.960090458
23754150,7,1.583562493
23754156,7,1.516284823
23754175,7,0.867980003
23754176,7,1.31457746
23754180,8,1.724870801
23754182,1,1.311809897
23754187,1,1.190902352
23754191,6,1.226745367
23754193,8,1.294190645
23754196,5,0.957282186
23754198,6,1.1020751
23754199,7,1.16349566
23754201,7,1.345702767
23754205,1,1.348438501
23754210,7,1.28849411
23754212,1,1.149506688
23754216,0,1.340249062
23754223,7,1.326533318
23754224,1,1.050970197
23754226,1,1.309009671
23754228,1,1.335420847
23754230,7,1.453308225
23754231,7,1.291078329
23754236,7,0.716710806
23754240,7,1.188357234
23754241,7,1.500589967
23754243,7,1.549005032
23754249,7,1.511354566
23754250,7,1.272107363
23754264,7,1.368008018
23754266,7,1.133863091
23754267,7,1.279681921
23754268,7,1.373057246
23754269,7,1.456650496
23754273,7,1.774704814
23754281,1,0.97536999
23754283,7,1.814395905
23754288,7,1.394495845
23754291,7,1.409241319
23754298,7,1.118154883
23754304,7,1.494558215
23754308,7,1.009754419
23754310,7,1.2832551
23754313,7,1.780501127
23754320,1,1.310055137
23754324,1,0.860866547
23754327,7,1.272109985
23754329,7,1.387429714
23754331,7,0.874911368
23754333,7,1.547578454
23754335,7,1.620421171
23754338,7,1.31302011
23754342,7,1.496320605
23754344,7,1.13876915
23754345,7,1.40309608
23754350,7,1.169025421
23754353,7,1.221754551
23754361,7,1.484865665
23754362,7,1.20372498
23754364,7,1.253916025
23754367,7,1.367526531
23754369,7,1.308217525
23754376,8,1.407837391
23754380,7,0.884452939
23754388,7,1.540224791
23754390,7,1.090700388
23754395,8,1.225948691
23754401,7,1.582756281
23754430,7,1.053291202
23754432,7,1.373425603
23754440,7,1.166705132
23754441,6,1.029198408
23754446,7,0.929566026
23754448,7,1.462638736
23754459,7,1.668226242
23754462,7,1.347032905
23754477,7,1.560011864
23754488,7,1.49212122
23754490,7,1.034694672
23754492,7,1.094369888
23754496,7,1.150019884
23754501,8,1.129665136
23754507,7,1.072243333
23754513,1,0.976836503
23754515,8,1.012035608
23754518,4,1.505963683
23754527,7,0.742810726
23754531,3,1.106082201
23754543,7,0.908526897
23754556,6,1.535921216
23754575,7,1.282639742
23754581,7,1.595546842
23754610,7,1.172648191
23791558,4,1.938136816
23797703,5,1.098019719
23810663,6,1.153797746
23810664,5,0.342379808
23810672,1,1.147006273
23837181,2,1.126141191
23837988,4,1.206570506
23838412,7,1.651437521
23838819,4,1.491065383
23838840,3,1.049527764
23841508,1,1.093230724
23841524,3,0.935623527
23841532,2,0.889308691
23841534,2,1.017661572
23855521,6,1.219884276
23863053,4,1.302573562
23864184,3,0.911138415
23864190,3,0.907345235
23864193,1,1.216862202
29489480,3,1.228084207
29509650,7,1.144013524
29509731,7,0.911006451
29510467,7,1.683274746
29510512,7,0.9646734
29510658,7,1.677260399
29510665,5,0.969128728
29510710,7,1.143968105
29510936,5,1.206585765
29511221,7,1.510529637
29511396,7,1.156162262
29511427,7,1.797956944
29511590,7,1.919402838
29511619,7,1.994959831
29511624,7,1.560535669
29511751,7,1.393016219
29511786,7,1.563713312
29511802,7,1.381657243
29512066,7,1.536685348
29512073,7,1.355472922
29527178,2,0.961037636
29527945,5,1.217286825
29536659,6,1.45829916
29536664,2,0.668704867
29536669,8,0.895478547
29570950,1,1.048202038
29575171,7,1.026503444
29575173,7,1.076546192
29575175,1,1.320435762
29575189,6,1.307663798
29575201,6,1.446550965
29575203,5,1.155797005
29575214,8,1.274904251
29575361,7,1.219118237
29575377,7,1.782349825
29575558,7,1.140339971
29575561,7,1.320032835
29575566,7,1.249599338
29575570,7,1.177278757
29575588,7,1.321344972
29575604,7,1.010250449
29575615,7,1.299813151
29575759,8,1.262187719
29575771,7,1.53664279
29576684,7,1.519983411
29576735,8,1.143921137
29576901,7,1.849599123
29602688,6,1.118965626
29602689,6,1.147003651
29604994,5,0.993537545
29605012,6,1.225812316
29605016,4,1.353425384
29605030,4,1.313682079
29605041,4,1.090049267
29605045,5,0.657269657
29605089,5,1.298826814
29605106,4,1.217743754
29605141,6,1.364078999
29613524,3,1.324878216
29650148,7,0.941992044
29650149,4,0.633565664
29650159,7,1.364200115
29650162,8,1.017218828
29650287,5,0.866645575
29650318,5,1.626683474
29650325,1,0.961963117
29650496,8,1.082693577
29650505,7,1.462721944
29650513,4,0.738550305
29650524,6,0.994598031
29650617,5,1.382288694
29650655,7,1.681524038
29650667,1,1.356729627
29650670,7,1.85129571
29650673,6,1.24717474
29650675,3,1.28744936
29650679,2,1.029741883
29650688,6,1.621137023
29650691,5,1.270575166
29650705,6,1.555883288
29650738,3,1.403169632
29650852,5,1.000166893
29650855,6,1.076028466
29650890,5,1.366293311
29650942,7,1.241861105
29650943,5,1.159155726
29650952,7,1.26617074
29650987,7,1.838695884
29650990,7,1.678754091
29650993,7,1.654448032
29650994,7,1.878127337
29650996,7,1.635280848
29651001,7,2.070550919
29651027,7,1.440859556
29651040,7,1.220472097
29651047,7,1.749253511
29651053,7,1.759303808
29651055,7,1.777515173
29651056,7,1.341407061
29651057,7,1.66782403
29651080,7,1.63862586
29651083,7,1.8267138
29651087,7,1.795610905
29651092,7,1.503117919
29651095,7,1.673097372
29651096,7,1.468429327
29651097,7,1.542343855
29651119,7,1.682475686
29651125,7,1.861211538
29651127,7,1.943567276
29651135,7,1.855236053
29651160,7,1.683883429
29651164,7,2.112725496
29651167,7,1.60546124
29651168,7,1.495110393
29651169,7,1.910076618
29651174,7,1.731499672
29651183,7,2.172330379
29651185,7,1.567805767
29651188,7,1.415838242
29651209,7,1.304102182
29651215,7,1.7091012
29651217,7,1.906186104
29651222,7,1.366393685
29651224,7,1.434798121
29651250,7,1.738513112
29651251,7,1.83262682
29651280,7,1.655330539
29651285,7,1.423468947
29651287,7,1.260528803
29651293,7,1.690337539
29651294,7,1.834537983
29651296,7,1.501198769
29651320,7,1.524766207
29651331,7,1.496480584
29651345,7,1.758251071
29651353,7,1.671730995
29651357,7,1.917288542
29651363,7,0.811404586
29651378,7,1.516313553
29651380,7,1.539560199
29651387,7,1.697736025
29651405,7,1.495459557
29651409,7,2.103648186
29651413,7,1.754484892
29651414,7,1.747415543
29651421,7,1.643739581
29651423,7,1.575341225
29651426,7,1.032515049
29651432,7,0.90707165
29651435,7,1.857012272
29651437,7,1.931007028
29651454,7,1.695967674
29651456,7,1.833643079
29651482,7,1.519192576
29651486,7,1.348398685
29651491,7,1.837939858
29651494,7,1.20850575
29651496,7,1.84126687
29651508,7,1.584209442
29651509,7,1.842807055
29651519,7,1.374868631
29651524,7,1.556624413
29651527,7,1.735296488
29651535,7,1.623571396
29651541,7,1.700898409
29651542,7,1.508541703
29651543,7,1.133601904
29651546,7,1.790980816
29651548,7,2.137091398
29651550,7,1.570451021
29651553,7,1.35290134
29651554,7,1.595163584
29651560,7,1.59477675
29651563,7,1.771462083
29651567,7,1.92445159
29651575,7,1.771506429
29651578,7,1.959659815
29651579,7,1.474979401
29651585,7,1.675994277
29651598,7,1.684171438
29651605,7,1.876659632
29651609,7,1.909689903
29651616,7,1.50321722
29651619,7,1.822362423
29651624,7,1.363196969
29651628,7,1.736845851
29651633,7,0.454048336
29651636,7,0.730142772
29651647,7,1.410677195
29651652,7,1.926420212
29651654,7,1.888400197
29651656,7,1.673336744
29651679,7,1.586880445
29651681,7,1.68364203
29651683,7,2.085194111
29651686,7,1.073353291
29651696,7,1.968259096
29651720,7,1.477313042
29651750,7,1.851320863
29651755,7,1.529619575
29651762,7,1.67675221
29651778,7,1.688854456
29651785,7,1.610738039
29651786,7,1.79097712
29651788,7,1.58663404
29651789,7,1.568413258
29651790,7,1.792925477
29651792,7,1.504674435
29651793,7,1.573975205
29651832,7,1.494917631
29651873,7,1.777485847
29651875,7,1.802889109
29651904,7,1.891200066
29651906,7,1.402775049
29651910,7,1.400146127
29652325,4,2.27918601
29652595,4,1.684880257
29657894,4,1.444553256
29680482,4,2.025462627
29680817,8,1.115188599
29681835,5,1.034905195
29681839,1,0.831005812
29681853,8,0.940576077
29753026,4,2.177511215
29753100,4,2.27918601
29753696,4,1.959903598
29767981,1,0.678839326
29768433,6,1.202624798
29770134,6,1.302494168
29789456,5,1.110631347
29790081,6,1.053162575
29790088,6,1.429604053
29807861,4,1.172890306
29807865,8,0.954597235
29807869,1,1.071918964
29807875,8,0.700238526
29807877,1,0.595189333
29808179,1,1.441024899
29808182,5,1.073796868
29808184,4,0.793529332
30471545,4,1.800311446
30471548,4,2.093522787
30471550,4,1.920708656
30471557,4,2.025462627
30471559,4,1.767229199
30472114,4,0.490234852
30472115,3,0.458883256
30535434,7,1.394126654
30549364,7,1.314661384
30598075,4,1.86019063
30624326,4,2.123413563
30687024,4,1.005943537
30687030,5,1.173350811
30687033,7,1.314125657
30687130,6,1.049596548
30687147,6,1.063136578
30690880,6,0.706030726
30691030,6,0.502999365
30691031,4,0.319192648
30691032,8,-0.249572068
30691034,8,-0.20602043
30691036,0,0.357868612
30691038,3,0.698716223
30691042,3,0.871108949
30691047,3,1.25849843
30691092,8,1.496412873
30697017,4,1.100453377
30697853,4,1.155823588
30729693,5,1.248263478
30740892,4,1.212900758
30744504,5,1.023566961
30744519,5,0.691885114
30744524,5,0.622098386
30744527,0,0.804011703
30869430,3,1.316788316
30870942,1,1.057637691
30870945,1,1.204857826
30870949,0,0.717043519
30870952,0,0.928326964
30870955,6,1.224009633
30870958,1,1.199173212
30870967,6,1.35692358
30870971,3,1.433144808
30870990,6,1.187699199
30870998,6,1.667869687
30871002,2,1.307647705
30872114,4,0.85730958
30872116,4,0.915479362
30872119,4,0.943872213
30881313,1,0.922514439
30881581,2,1.140845418
30881602,0,1.448142886
30883104,8,1.292935967
31014010,4,1.805898309
31033747,6,1.247495174
31033821,8,0.968570471
31071607,6,1.366932631
31080276,4,1.390749812
31080919,6,1.06811738
31081401,5,0.940346599
31081420,8,0.803815007
31081422,4,0.883762956
31082097,3,1.03335762
31099745,6,1.334011197
31100343,4,1.40918684
31118247,6,0.731036901
31118285,7,1.416399956
31124042,1,0.934009492
31125286,2,0.576508224
31125296,7,0.900271714
31125312,3,0.770299554
31127244,4,1.235425711
31127250,4,1.607436776
31212128,5,1.59555757
31212249,7,0.626738667
31212260,7,1.436910152
31212288,6,0.693565011
31212301,3,1.403721809
31212499,3,1.6565063
31212842,6,1.776515484
31212855,3,1.781843662
31212856,3,1.336794138
31212857,3,1.763942838
31213179,2,1.471335411
31213186,5,1.459866524
31213197,5,0.940361083
31213208,5,1.534268141
31213209,1,1.365043163
31213220,2,1.123447299
31213235,5,1.536228657
31213236,5,1.766945004
31213378,9,1.47132802
31213383,6,1.269757509
31213391,6,1.049423337
31213396,6,1.412413359
31213409,8,0.77529037
31213425,3,1.177097797
31213427,3,1.273023605
31213568,8,1.604844928
31213578,9,1.67094636
31213584,9,1.036330581
31213591,9,1.013191819
31213596,9,1.040658474
31213597,9,0.947897077
31213624,9,1.428382993
31213781,3,1.246768713
31213792,3,1.377064943
31213793,3,1.575912237
31213810,3,1.98383069
31213817,3,2.132339478
31213960,5,1.718776464
31214175,3,1.693901062
31214206,5,1.999763012
31214214,5,1.921523333
31214215,5,1.91768384
31214414,6,1.620566607
31214566,6,1.813600779
31214603,9,1.45518589
31214612,8,1.697975636
31214613,8,1.481771231
31214629,8,1.173803449
31214759,6,0.599699259
31214767,6,1.171487927
31214771,3,0.970569253
31214818,6,1.349159956
31214824,1,1.577503562
31215297,1,1.082431555
31215334,3,1.333752155
31215337,3,1.466513395
31215440,2,0.918064535
31215441,2,1.084140182
31215485,6,2.229453802
31215487,3,1.644249201
31215490,1,2.058457375
31215493,6,2.199654102
31215497,3,1.689466357
31215509,7,0.482590944
31215531,4,0.635742784
31215534,5,1.127620935
31215709,3,0.656894088
31215723,8,0.771710575
31215724,8,0.934155643
31215848,3,0.533070803
31215863,1,1.173363805
31215871,0,0.709977686
31215872,1,0.736825883
31215874,1,1.153630972
31215877,1,0.918853521
31215889,7,0.616183937
31215902,6,0.850412905
31215903,1,0.575963259
31215914,1,0.900710225
31215929,1,1.287191153
31215938,1,0.687850356
31216001,6,1.155781984
31216164,6,0.925017595
31216165,5,1.256271362
31216174,1,1.38335073
31216200,1,1.713200331
31216204,1,1.413090229
31216210,1,1.332620382
31216213,1,1.986253619
31216239,1,1.354070663
31232548,4,2.093522787
31238462,6,0.935877442
38023419,3,0.382950246
38023733,3,0.802389979
38023757,4,0.829331994
38023770,6,1.41241312
38023792,5,1.161259174
38043484,8,1.112886071
38044162,5,1.133706689
38044169,7,1.295502782
38044216,2,0.959938705
38044223,6,0.702116072
38044257,6,1.323463678
38044324,6,1.345411301
38048396,4,0.241244599
38048401,1,0.462396115
38048410,1,0.789887786
38049453,4,1.362349153
38050220,5,0.843138158
38050221,5,0.743029475
38050350,3,0.847141862
38050925,1,0.784678161
38056626,3,1.047875762
38057227,4,1.256530881
38057900,1,1.397517204
38057937,6,1.038496614
38061069,2,0.851167321
38061105,8,1.347378135
38065285,4,1.702805161
38065920,6,0.694513857
38066057,1,1.057365537
38117756,4,1.546397924
38117888,4,0.968637586
38123601,5,0.901840687
38126464,1,1.173341155
38126966,8,1.120918036
38130332,1,1.127213478
38130335,4,0.976745963
38133884,4,1.163326502
38133899,3,1.20351994
38134086,1,0.948650539
38139997,1,1.472120523
38174058,3,0.862772346
38174059,3,0.840604842
38174060,0,1.300979972
38174211,4,0.897106051
38174236,4,1.65876627
38174396,4,0.74523288
38174405,6,1.169705033
38174831,6,0.86220175
38174833,3,0.806426585
38174834,4,0.713283658
38176627,4,0.011601299
38185570,1,1.095950246
38187383,3,0.821582794
38192695,6,1.129773498
38207966,4,1.178889871
38216521,6,1.163553596
38216525,1,0.793810427
38216536,6,0.927256763
38216539,1,1.019521594
38216546,1,0.946233511
38216550,8,1.243986607
38216558,8,1.134606361
38216572,8,0.311947107
38216601,8,0.729753435
38216621,1,0.711765647
38216624,4,1.501160264
38216625,4,0.903143585
38216638,0,0.222527578
38216646,4,0.854840934
38216655,4,1.345820665
38216679,4,1.233412981
38216692,4,1.186084867
38216697,4,1.115207672
38216699,4,1.420249462
38216702,4,1.614999294
38216708,4,1.153923035
38216753,5,1.401613116
38216767,5,1.154491544
38216787,3,0.837359667
38951956,6,1.309248924
38953527,2,1.153874159
38954273,6,0.788883626
38957828,6,0.559472561
38957837,9,0.685126901
38967234,6,1.146878362
38967614,4,1.366038561
38967619,4,1.290745378
38970236,4,0.491088271
38970254,6,0.721525729
38982627,5,0.025127649
38985075,0,0.864723742
38985081,1,1.110283494
38985109,6,0.85316056
38985135,4,1.39492023
38999392,4,1.518794656
38999396,7,0.806641936
38999830,4,1.153410673
38999837,5,0.691988766
39000103,5,1.239365458
39000144,6,1.259846568
39002035,4,1.291818142
39008957,4,1.367653608
39008965,4,1.434542418
39008980,1,0.391649544
39016596,1,1.467186809
39018240,4,1.434036255
39018509,4,1.050857186
39018541,1,1.494423151
39018736,1,1.284138083
39018838,1,1.096507072
39029771,8,0.904732347
39050735,7,1.208944082
39051750,6,1.406696916
39051781,6,0.952023506
39126326,7,1.544356942
39177490,2,1.576470613
39206292,3,0.874316335
39206970,4,1.441823602
39206976,4,1.176790476
39218956,6,1.269462109
39225096,6,1.257158518
39250551,5,1.288368583
39250629,5,1.149643421
39251840,5,1.59745717
39251849,5,1.699813604
39251902,5,1.713131905
39251948,5,1.611287236
39252169,8,0.863182664
39252177,5,0.977228642
39252228,4,1.30963552
39252270,6,1.444041133
39254257,5,1.554858923
39254442,5,1.756325126
39254483,8,1.572876215
39254531,5,1.759202003
39254546,5,1.603367209
39254585,5,1.357830763
39254590,5,1.271990895
39254684,7,1.154029369
39254706,5,1.362701535
39254730,5,1.600256205
39254739,5,1.498063087
39255584,5,1.443773985
39255632,5,1.18883872
39255718,5,1.359151721
39255753,5,1.440274477
39255761,5,1.76923573
39255764,5,1.527132034
39255783,6,1.084239244
39255784,5,1.317126036
39255785,5,1.499062896
39255787,8,1.325828671
39255831,8,1.267486811
39256264,5,1.291074276
39256274,3,1.291769147
39257284,5,1.421089768
39257313,5,1.220363855
39260018,5,1.438244581
39260111,5,1.666943669
39260164,5,1.873411298
39260174,5,1.232918978
39260230,6,1.074873567
39260279,5,1.284124136
39260281,3,1.264664412
39260285,0,1.364062428
39260464,5,1.337716579
39260550,5,1.284496307
39260607,5,1.409604073
39321942,5,0.799684465
39321958,3,0.483231068
39321966,1,0.547262549
39387178,0,0.641114473
39387222,0,0.57956779
39388571,1,0.592941701
39388574,8,0.531783044
39388581,8,0.382575929
39388583,0,0.092081763
39388588,8,0.264775991
39388589,4,0.778923094
39388590,8,0.707120538
39388591,4,0.312298864
39388600,3,0.510300398
39481401,1,1.751111507
39492365,4,0.866938829
39493012,1,1.1698699
39496659,3,1.206739902
39500912,4,1.091536999
39636199,3,0.910817742
39636205,3,0.837692261
39636216,3,0.825490475
39637362,7,0.531180084
39638142,6,1.259970427
39669145,7,0.542194843
39677184,4,1.545300245
39684368,5,1.14309001
39688411,4,1.444634199
39688670,2,0.781100631
39691243,3,1.120587111
39692295,4,1.938136816
39728763,4,1.489462018
39729619,8,0.709414065
39729625,4,0.428778231
39729626,5,1.304752827
39731239,4,1.244476557
39820635,4,0.639564633
39820636,3,1.026374817
39820640,4,0.34164834
39820822,7,1.198505521
39820841,4,1.327793241
39828992,4,1.231940269
39828994,4,1.210441589
39829013,4,1.513941884
39831964,4,1.406326532
39831980,4,1.250938416
39832078,4,0.868576467
39832089,4,0.914383292
39832092,4,0.798590779
39832100,3,1.254270792
39832104,4,1.022048473
39832106,4,1.30040288
39832754,6,0.613185227
39832761,1,1.328612447
39832764,1,1.277859092
39832768,5,0.800464451
39833285,3,1.229457855
39836244,6,0.813025355
39873583,4,1.327592611
39885466,1,1.536734581
39885469,1,1.387238979
39898772,4,1.875556827
39905310,7,1.555171728
39905324,4,1.097581744
39905419,6,0.869807243
39911513,7,1.384939313
39911514,4,1.204835892
40029213,3,0.761279166
40029219,8,0.442238152
40029272,5,1.117184162
40029273,4,1.302990794
40029277,6,1.166893363
40029282,1,1.003983736
40029290,8,1.05034852
40029300,4,1.128899932
40029302,4,1.194593906
40029304,4,1.263134241
40029340,5,1.032149315
40029343,6,1.618843555
40029345,8,1.521535039
40029347,8,1.418509364
40029349,4,0.85586369
40029350,8,1.008033514
40029353,6,1.054786682
40029354,4,0.956765175
40029355,6,1.117985129
40029358,8,1.035879135
40029360,4,1.369820595
40029362,4,1.574377418
40029373,6,0.929770947
40029376,6,1.105025768
40029377,4,1.320021629
40029379,8,1.325139403
40029410,6,1.003349185
40029412,6,1.14033258
40029413,6,1.440812945
40029417,6,1.296058774
40029418,5,1.148779631
40029424,6,1.17374599
40029425,8,1.031552553
40029429,6,0.681844115
40029430,6,1.430050731
40030677,4,1.656391263
40030678,8,1.026182294
40030681,5,0.731770635
40030684,4,1.333704352
40030685,4,1.509091496
40030686,4,1.597156405
40030688,4,1.511846542
40030689,4,1.444805264
40030692,8,1.236830235
40030693,5,1.285615325
40030731,8,1.124231339
40036995,7,0.936893046
40038858,5,0.892368734
40055962,3,1.23494494
40056097,5,1.009171009
40568546,2,0.797620714
40568583,2,0.489321113
40570478,4,1.001428485
40572446,2,0.412319422
40575271,2,0.440420866
40575316,2,0.732018411
40577064,4,0.943887293
40577100,8,0.711090147
40577314,4,1.30056119
40579106,2,0.799873352
40583240,0,0.313825488
40583326,7,1.42711997
40584098,2,1.216784954
40586249,7,0.906953096
40586466,2,0.516935766
40590158,5,1.321977377
40594258,3,0.751276553
41055929,5,1.261976361
41056006,0,1.250244737
41056011,7,1.00609386
41056013,2,0.360383987
41056014,2,0.890549898
41056038,2,0.586613476
41056148,2,1.181696177
41056158,2,1.311342478
41056161,2,1.270200372
41056164,7,1.293422699
41056165,7,1.272123933
41056174,5,1.446151495
41056176,2,1.109064579
41056198,1,0.646211565
41056202,2,0.693971276
41056204,2,0.692000806
41056207,3,1.154084682
41056210,3,0.95244652
41056211,3,1.493228078
41056213,3,0.719634771
41056214,2,0.745364428
41056217,3,0.690782487
41056348,2,1.407522202
41056358,2,0.957201183
41056363,2,0.93793869
41056365,2,0.851936579
41056373,2,0.658484995
41056401,0,0.474417299
41056402,7,1.174058676
41056406,2,0.687150896
41056414,2,0.801489592
41058762,4,0.843964875
41058763,4,0.968843222
41058766,4,0.861506224
41058770,4,0.756046951
41058987,2,0.227698833
41059092,2,0.406970382
41059485,3,0.890163779
41059487,3,0.375463188
41059508,2,0.788977623
41059652,3,1.092950225
41059655,3,1.072896957
41059862,3,0.400346547
41059874,2,0.515580833
41059914,2,0.594940007
41060399,2,0.751502991
41060403,2,0.791906476
41060416,2,0.374576628
41060428,8,0.48991546
41060438,8,0.583152831
41060565,2,0.427985162
41060576,2,0.428449303
41060588,2,0.120296322
41060589,2,0.364424139
41060613,3,0.371071041
41060617,3,0.381150126
41060759,3,0.507476449
41060773,8,0.510224938
41061050,0,0.516712666
41061079,0,0.47857219
41061082,2,0.380280972
41061084,2,0.402502239
41061086,2,0.724325597
41061087,2,0.48380959
41061092,2,0.777266979
41061323,2,0.896818638
41061709,2,0.638742745
41061736,2,0.703525662
41061737,2,0.726938426
41062212,2,0.289027631
41062213,2,0.51214993
41062214,2,0.17342338
41062216,2,0.21745947
41062217,2,0.699308157
41062612,2,0.5214535
41063727,2,0.479587495
41064449,7,0.898068547
41064514,2,0.678688526
41064658,2,0.607345343
41064675,2,0.83547771
41064857,2,0.907869458
41064879,1,0.270511448
41065018,4,1.26985538
41065031,2,0.640660584
41065385,2,0.321219802
41065543,2,0.336149156
41065557,0,0.349306285
41065593,2,0.500814259
41065786,2,0.443642199
41065796,0,0.661583543
41065805,3,0.652044892
41065810,2,0.328349024
41065829,3,0.363163531
41066110,2,0.907726943
41066465,3,0.997394085
41066688,3,0.901936412
41066689,3,0.72566998
41067430,2,0.300511777
41067622,2,0.452191472
41067747,3,0.623749673
41067791,2,0.805661798
41067977,1,1.287671566
41068259,0,0.828377783
41068261,2,0.520625234
41068262,2,0.67144227
41068263,2,0.970282316
41068265,2,1.093330383
41068266,2,0.844126821
41068267,2,0.99360317
41068471,1,0.860420823
41068857,4,0.16284892
41068922,2,0.2837587
41070388,2,0.483693659
41070389,3,0.756116331
41070415,2,0.357109636
41070416,3,0.539112031
41070798,3,0.995975137
41070818,3,0.84344542
41070819,2,0.618112922
41070820,2,0.664176583
41070968,0,0.413028449
41070978,2,0.435536981
41070993,0,0.248432159
41071041,2,1.083757877
41071042,2,0.810783923
41071045,2,0.823025346
41071050,2,0.680743098
41071068,2,0.492564499
41071083,2,0.809510767
41071281,2,0.739535928
41071290,2,0.445485681
41071295,2,0.597159624
41071692,8,0.918983817
41071732,2,0.792010844
41071849,2,1.026362181
41071863,2,0.491881639
41073735,1,0.519120812
41076102,2,0.944617033
41076103,4,0.785870671
41076105,2,0.869886041
41076110,4,0.716234326
41076139,4,1.163198352
41078506,2,0.574973583
41078512,2,0.473762572
41078664,3,0.891376197
41078879,0,0.521777391
41078926,3,0.597987831
41079637,0,0.379256189
41080042,1,0.545058548
41080045,4,0.8307935
41080046,4,0.78537178
41080240,1,0.669179916
41080481,3,0.785405457
41080873,2,0.329009771
41106342,3,0.888293743
41106355,3,0.922943711
41106437,2,0.129935637
41106591,2,0.175438687
41106746,2,0.613494396
41106779,2,0.206305072
41106784,2,0.962382674
41106999,2,0.775769293
41107049,2,0.557322145
41107058,2,0.777612686
41108632,3,0.441105276
41109300,4,0.699569702
41109307,2,0.929952979
41109311,4,0.960494399
41109699,2,0.682240129
41109715,2,0.459612787
41110051,2,0.784065068
41110052,2,0.567452073
41110053,3,0.586278915
41110084,3,0.864034355
41110118,2,0.511846066
41110278,3,0.860681415
41110309,3,0.393057108
41110331,2,0.261460811
41110726,4,0.945090711
41110866,3,0.4736166
41110872,4,0.510687351
41110873,4,0.789833605
41110875,3,0.86439985
41111438,2,0.548767269
41111439,2,0.520283341
41112087,0,0.457279861
41112240,2,0.41718483
41112241,2,0.247650102
41112242,2,0.097519301
41112246,3,0.350353301
41112318,2,0.776727021
41112444,2,0.75567162
41112453,2,0.378817439
41112454,2,0.417669863
41112455,3,0.643266141
41112479,8,1.025369406
41112524,2,0.497574449
41112530,2,0.260932803
41112656,3,1.664121389
41112678,2,0.29309848
41112679,3,0.692380965
41112684,2,0.297002017
41112686,2,0.209715307
41112691,3,0.379565835
41112720,2,0.54698509
41112723,2,0.387581408
41112905,2,0.798813224
41113012,4,0.556203663
41113160,2,0.37596339
41113165,2,0.655388594
41113213,3,0.492671549
41130839,8,0.396181017
41131301,2,0.195319459
41131660,2,0.9543854
41131662,2,1.183606029
41131663,2,1.059199929
41131664,2,1.121534109
41131667,2,0.633427739
41131707,2,0.777108431
41131713,2,0.612317562
41131840,2,0.108594932
41131845,2,0.589180171
41131847,2,1.241561294
41131868,4,0.59992069
41131869,2,0.316694051
41131878,2,0.329937637
41131880,2,0.360657841
41131882,4,0.514077663
41131883,2,0.637866378
41131895,0,0.376631379
41131896,3,0.304690719
41132145,3,0.832728624
41132146,3,0.400541455
41132147,3,0.364948899
41132151,2,0.468204379
41134096,2,0.722135365
41134097,3,0.4623622
41134108,3,0.731759429
41134118,3,0.828636885
41134121,2,0.886906385
41134131,3,0.726460099
41134132,1,0.956293225
41134135,2,0.780537426
41134240,2,0.577144623
41134242,4,0.413934767
41134243,1,0.481466264
41134245,1,0.543563843
41134250,4,1.080766678
41134252,4,0.909909308
41134253,3,0.688104808
41134257,2,0.89248991
41134279,3,0.789096355
41134283,2,1.054065943
41134291,3,0.627117276
41134292,2,0.78796947
41134294,2,1.029092789
41134297,2,0.634580076
41134318,2,0.515880346
41134322,3,1.179090261
41134324,3,1.034354568
41134326,3,0.921834409
41134331,8,0.922180891
41134332,0,0.739239097
41134333,0,0.656699181
41134441,3,0.917628884
41134442,3,1.145649433
41134444,3,0.800634623
41134445,3,0.681685567
41134451,4,1.144999027
41134452,3,0.645743728
41134455,3,1.295918465
41134457,3,1.172533035
41134469,3,0.74782598
41134479,0,0.608137667
41134480,4,0.888478279
41134493,3,0.553254485
41134509,6,0.578356624
41134519,3,0.680840254
41134521,1,0.652848661
41134522,3,0.67041117
41134525,4,0.150320634
41134530,4,0.698291302
41134536,3,0.976855874
41134537,3,1.330996513
41134640,3,0.423136204
41134647,3,0.398463488
41134652,3,0.051446408
41134655,3,1.176041603
41134656,3,0.467459857
41134680,3,0.335840285
41134682,3,0.6491943
41134684,3,0.639889836
41134718,3,0.123058379
41134720,2,0.105418429
41134722,2,0.645626724
41134726,2,0.317745119
41134727,2,0.165965468
41134733,2,0.391017467
41134734,2,0.404485404
41134735,2,0.302887142
41134737,2,0.450829327
41136643,2,0.383913457
41136645,2,0.1508075
41136646,2,0.478629708
41136647,2,0.661189854
41136650,2,0.465988338
41136652,3,0.523605764
41136680,2,0.655799448
41136682,4,0.926935613
41136684,4,1.290915251
41136687,2,0.767015696
41136690,4,0.863423288
41136691,2,0.341982722
41136693,4,0.955235422
41136696,2,0.133166999
41136719,2,0.392959684
41136722,7,0.932545304
41136724,7,0.697394192
41136726,7,0.218354791
41136730,2,0.56412518
41136732,2,0.805106819
41136736,0,0.681842864
41136737,2,0.584237695
41136848,2,0.124079704
41136859,2,0.125953645
41136866,2,0.889289498
41136870,4,0.490140438
41136875,2,0.636885881
41136877,2,0.667659879
41136889,3,0.795237601
41136903,4,1.044805288
41136904,4,1.216136217
41136910,4,0.84043479
41136914,3,1.209706664
41136916,4,0.822002113
41136917,3,0.316236585
41136929,3,0.688619375
41137001,4,0.60023278
41137002,2,0.039821357
41137005,2,0.737400055
41137007,3,0.685260177
41137010,0,0.611426353
41137017,2,0.968506932
41137028,4,1.21530509
41137029,4,1.001585007
41137039,3,0.693822742
41137149,3,1.178480387
41137162,4,1.263620853
41137188,3,0.402193189
41137189,4,0.84335196
41137200,4,0.530047119
41137201,3,0.911486387
41137206,2,0.833656192
41137213,2,0.905738115
41137215,4,0.622543812
41137216,4,0.983351052
41137239,4,0.527458012
41139993,8,1.246451974
41140048,2,0.941157997
41140049,2,1.125336051
41140059,4,0.934000194
41140061,4,0.781344533
41140071,2,0.903528273
41140074,7,1.121731997
41140328,4,1.224594355
41140329,7,0.748749435
41140476,3,0.822807312
41140689,2,0.943255544
41140699,2,1.086857438
41140704,2,0.569734931
41140857,4,1.120648742
41140869,4,0.538536549
41140879,3,1.252995491
41140881,3,1.016304255
41140886,2,0.825311959
41140892,4,1.231321931
41140895,8,0.943729639
41140918,7,1.374229908
41140919,2,0.381728649
41140921,7,1.396769166
41140924,4,1.163199306
41141021,2,0.885416269
41141151,4,1.591550589
41141152,7,1.156823874
41141157,2,0.489932418
41141168,4,0.780620277
41141180,2,1.088536024
41141186,4,1.048404455
41141191,4,1.101300597
41141192,4,0.934435666
41141195,2,0.438453674
41141223,3,1.07680881
41141227,7,1.147937655
41141233,2,0.679491103
41141234,2,1.20361352
41141341,4,0.20614925
41141342,2,0.718459368
41141347,2,0.801000476
41141350,2,0.966423213
41141352,0,0.633247316
41141354,2,0.851424932
41141355,3,0.821540833
41141368,2,1.006143451
41141380,2,0.31388256
41141382,2,0.783234119
41141383,2,0.687164962
41141385,7,1.137157798
41141387,7,1.368709326
41141390,2,0.996862292
41141391,7,1.170588017
41141394,7,1.082548618
41141395,1,1.496761322
41141408,2,0.909523129
41141421,2,0.776459694
41141425,2,1.26700604
41141426,2,0.797572911
41141432,1,0.578970909
41141434,2,0.676885962
41141435,2,0.643742144
41141540,2,0.807263434
41141545,2,0.536479473
41141547,2,0.784807324
41141551,2,0.536504805
41141553,2,0.553759336
41141555,2,0.783083797
41141568,2,0.779378414
41141578,2,0.97753185
41141582,2,0.75194943
41141585,2,0.793661296
41141590,7,1.066334724
41141593,2,0.806770682
41141596,3,0.852376938
41151540,7,0.632020712
41151541,2,0.367666662
41151543,2,0.678600729
41151545,7,0.852395475
41151547,7,1.007242918
41151619,2,0.574709415
41152077,2,0.800340772
41152099,2,0.965373933
41152248,2,0.578492701
41152448,2,0.902090013
41152464,2,0.922328711
41152467,2,0.628540993
41152505,2,0.931869209
41152515,2,0.827461779
41152538,2,0.407361686
41152908,2,1.310970545
41152918,2,0.52605921
41153019,2,1.08361876
41153031,2,0.521614015
41153034,0,0.810069799
41153142,7,1.390987515
41153183,0,0.996321738
41153435,2,0.54778862
41153624,2,0.829074562
41153625,2,0.466500401
41153627,7,1.171742678
41153630,2,1.09111619
41153631,2,0.463682681
41153633,2,0.725337505
41153637,2,0.657889605
41153745,2,0.749994278
41153781,7,1.007411003
41153783,2,1.106303453
41153804,2,0.638111532
41153816,2,0.77564621
41154029,4,1.103491426
41154038,3,0.272353888
41154175,2,0.854122639
41154834,2,0.469998777
41155252,2,0.766219139
41155253,2,0.761224866
41155321,2,0.981380939
41155446,2,0.732294083
41155447,2,0.902099848
41155686,2,1.028484464
41155696,7,1.594896555
41155859,7,1.192347646
41155901,2,0.808557272
41155915,2,0.725307226
41155929,2,0.564581931
41156160,2,0.780103326
41156174,0,0.660977006
41156561,2,0.731314421
41156563,2,0.770260334
41156570,2,0.489359468
41156571,0,0.966285586
41156638,7,0.655183613
41159447,2,0.694007933
41159889,2,0.59359163
41160167,2,0.696529746
41160205,2,0.937524676
41160549,2,1.007526278
41160759,2,0.612558603
41160760,2,0.931711435
41160761,2,0.228364468
41160762,2,0.563243866
41160763,2,0.563175976
41160765,1,0.860670567
41160767,2,0.998891354
41160772,2,0.995010912
41160773,2,1.154998064
41161134,1,0.864213228
41161245,2,0.844309211
41161247,2,0.936516345
41161251,0,0.760513186
41161269,2,0.21688354
41161294,2,0.712920249
41161440,3,1.108501911
41161442,2,0.621814191
41161914,1,0.800244868
41161915,2,0.432198703
41161916,2,0.229668826
41162029,2,0.495230734
41162038,2,0.777855635
41162158,2,0.859760106
41162159,2,0.654983282
41162206,2,1.138882399
41162410,2,0.651433945
41162412,2,0.854076982
41162413,2,0.800716639
41162415,2,0.811549127
41162428,2,0.547767282
41162953,2,0.249099821
41162954,2,0.317789018
41162956,2,0.724616587
41162978,4,0.648338079
41162980,7,0.822862327
41163042,2,0.418884248
41163083,2,0.367851615
41163095,2,0.526041627
41163118,7,1.21723032
41163123,4,0.565141559
41163130,4,0.936972678
41163446,1,1.118774176
41163519,2,0.982935548
41163520,0,0.615038276
41163642,2,0.801104426
41163871,0,0.774500072
41164300,3,1.096877575
41164306,0,0.374508679
41164464,2,0.389690489
41164705,0,0.521260262
41164707,2,0.596114755
41164881,2,0.606519401
41164886,7,0.695341825
41164892,2,0.833367109
41164895,2,0.87695086
41164923,2,0.836767316
41164924,1,1.543193817
41164936,2,0.51546073
41165394,2,1.098132253
41165418,1,0.867659569
41165433,2,1.032832503
41165543,2,0.776146829
41165623,2,0.544315398
41165756,2,0.859387815
41165779,2,0.66591233
41165782,2,0.471152604
41165784,2,0.735516071
41165787,2,1.03084898
41166067,2,0.49342069
41166070,2,0.771738589
41166073,1,1.486234903
41166113,2,0.940373778
41166263,2,0.835995972
41166299,2,0.597485185
41166300,2,0.489438087
41166303,2,0.833809018
41166304,2,0.646070719
41166305,2,0.678591669
41166306,2,0.833721995
41166666,7,1.355172634
41166672,2,0.677549005
41166677,2,0.991530359
41166699,2,0.607892394
41166717,2,0.495532215
41166729,4,1.055013776
41166926,2,0.561976373
41167169,2,0.821970105
41167232,2,0.514014959
41167392,2,0.934339046
41167419,2,0.839686394
41167437,2,0.575393677
41168261,2,1.178751349
41168677,7,0.776529908
41168934,2,0.895380795
41169169,4,0.720938921
41169590,2,0.893674016
41191603,2,0.169536978
41191604,7,0.249167442
41191606,6,0.316282809
41191614,2,0.63360405
41191639,2,0.61311841
41191758,2,0.6001724
41191759,4,0.616927445
41191760,4,0.56604892
41191765,2,0.401606202
41191766,2,0.40573889
41191767,2,0.55444032
41191771,7,0.080567852
41191818,4,0.281190574
41191820,2,0.392035097
41191822,2,-0.078178808
41191823,2,0.013619661
41191826,2,0.649055004
41191830,2,-0.100402974
41191832,2,0.033161119
41191833,2,0.328730404
41191941,2,0.656857014
41191942,2,0.379299253
41191944,4,0.726279974
41191946,2,0.273588717
41191947,2,0.360940456
41191956,2,0.802926064
41191969,8,0.63753891
41191980,1,0.785094261
41866625,6,0.874886215
41866633,2,0.59714371
41866743,6,0.894769311
41866744,4,1.318330646
41866745,4,0.922010183
41866747,7,0.83927536
41867448,3,1.226293087
41867471,3,0.581255138
41867473,1,0.85531342
41867498,2,0.673315465
41867507,2,0.094417952
41867511,2,0.799871087
41867515,2,1.07284832
41867528,3,0.734794915
41867529,3,1.073300838
41867538,3,0.921624899
41867648,3,0.961856186
41867658,3,0.875806451
41867662,3,1.193345308
41867676,3,1.078423262
41867677,3,1.047043324
41867688,3,0.620304942
41867698,2,0.702947497
41867704,2,0.656541586
41867705,2,0.516758859
41867712,3,0.538427114
41867728,2,0.12717028
41867842,2,0.868364811
41867847,2,0.629262626
41867850,2,0.527418017
41867853,2,0.745314181
41867855,2,0.601757228
41867868,2,1.050899029
41867869,3,0.976804018
41867879,3,1.112960815
41867880,3,1.19119072
41867884,3,0.840590239
41867887,3,1.142160892
41867892,3,0.965675294
41867893,3,0.464100957
41867895,3,0.595816076
41867909,0,1.193644881
41867920,3,1.371649265
41867930,3,1.052504659
41867931,1,0.712472439
41867934,2,0.274211764
41868755,6,0.118996479
41868756,2,0.340834141
41868781,3,1.071009159
41868784,2,0.780691087
41868796,2,0.716644943
41868797,2,0.836375713
41868802,1,0.68050915
41868804,2,0.949570298
41868807,1,0.843213439
41868812,1,0.840159833
41868814,3,0.849732459
41868816,0,0.796244502
41868838,0,0.520349741
41868948,4,0.614447296
41868959,2,0.489694059
41868964,2,0.188976869
41868966,3,0.786223531
41868974,2,0.626873195
41868999,2,0.504638314
41869048,4,0.736784399
41869049,3,1.110915303
41869059,3,0.857557952
41869067,2,0.278884649
41869074,4,0.720820069
41869077,1,0.793564081
41869100,2,0.605266809
41869104,2,0.544280529
41869117,2,0.244828641
41869138,3,0.888023376
41869273,3,0.378673941
41870056,8,0.244288325
41870069,8,0.685394287
41870078,3,0.230271146
41870083,7,0.362579376
41870084,8,0.737378001
41870086,3,-0.095140368
41870120,8,0.978972971
41870124,8,0.815340877
41870127,8,0.48106277
41870132,8,0.51323247
41870133,8,0.124213718
41870257,3,0.742231011
41870268,3,0.045395836
41870283,8,0.320450723
41870295,3,0.138959691
41870330,8,0.620161831
41870333,8,0.793991745
41870444,4,0.701777995
41870446,8,0.966344357
41870457,3,0.63294059
41870479,3,0.502054095
41870483,4,0.537418842
41870491,3,0.799246609
41870640,8,0.369644105
41870642,8,0.645563543
41870643,8,0.629251361
41870646,8,0.532480955
41870694,8,0.630115867
41870709,4,0.982085109
41870732,8,0.673675478
41870848,8,0.479291856
41870859,8,0.339817941
41870860,8,0.345790416
41870866,8,0.844339907
41870871,9,0.382059813
41870873,8,0.373161912
41870875,8,0.491270363
41870899,8,0.374381781
41870901,7,0.419016063
41870929,8,1.024249315
41871202,8,0.592994511
41871203,0,0.385629445
41871206,3,0.330184788
41871212,3,0.285766929
41871216,7,0.213125154
41871373,3,0.488423765
41871414,3,-0.105683163
41871415,8,0.493661731
41873360,2,0.622781813
41873363,0,0.602757573
41873372,3,0.892360091
41873374,2,0.823497117
41873376,3,0.682489038
41873415,2,0.830081999
41873558,7,0.894831836
41873559,7,1.48090291
41873561,3,1.113592625
41873566,7,1.135650873
41873567,7,1.267062306
41873598,7,1.626290202
41873601,7,1.192186713
41873603,5,1.352306366
41873761,7,1.344808459
41879258,2,0.869527578
41879263,2,0.944272101
41879306,4,1.075106978
41879328,1,1.406881809
41879448,3,1.446613789
41879511,2,0.870704472
41879663,4,0.689468801
41879664,6,1.526875257
41879666,5,1.203974605
41879700,2,0.73709929
41879704,2,0.678692877
41879710,0,0.706160545
41879711,3,0.355123162
41879845,2,0.936469138
41879881,2,0.811859071
41879883,4,0.610830903
41880203,7,1.045060396
41880210,5,0.943920434
41880358,7,1.16359055
41880417,0,1.27319479
41880428,7,1.172488928
41880439,5,1.436312437
41883118,2,0.916886628
41883119,2,0.267407715
41883123,2,1.019470811
41883124,2,0.453608513
41883125,3,0.660400033
41883126,0,0.475317955
41883130,3,0.456676513
41883131,2,0.455289572
41883135,0,0.140772521
41883136,2,0.311013788
41883240,2,0.515136838
41883244,2,0.407627702
41883252,0,0.76828599
41883257,2,0.568370104
41883268,2,0.40363121
41883269,3,0.897769094
41883279,1,0.838840723
41883282,3,0.836831272
41883285,2,0.336870402
41883286,1,0.611242175
41883291,2,0.711371601
41883318,2,0.243926808
41883319,0,0.260342687
41883332,2,0.028273411
41883335,2,0.489851207
41883442,2,0.624999404
41883445,0,0.389193505
41883446,2,0.414318711
41883452,2,0.773881078
41883454,2,0.520643592
41883455,2,0.600900292
41883481,2,0.452902138
41883495,2,0.2524046
41883508,2,0.576888561
41883519,2,0.569761157
41883521,2,0.434722096
41883525,2,0.246879429
41883533,2,0.6029194
41883534,2,0.563820481
41883536,2,0.518135011
41883898,2,0.518589377
41883905,2,0.760380507
41883906,0,0.121371806
41883911,0,0.288974106
41883913,2,0.323457807
41883917,2,0.485900968
41884058,2,0.414131969
41884063,2,0.873234391
41884065,0,-0.289441824
41884066,2,0.249290407
41884067,2,0.401722401
41884070,2,0.487589121
41884098,2,0.60828352
41884104,3,0.32657662
41884107,2,0.199742422
41884110,2,0.516374111
41884111,7,-0.414466053
41884113,2,0.100688882
41884117,2,0.433979094
41884128,7,1.014600515
41884138,7,0.591966331
41884248,2,-0.108468354
41884258,0,0.198245764
41884260,2,0.113299511
41884261,2,0.418590873
41884262,2,-0.117712989
41884264,2,-0.327211916
41884265,0,0.437939644
41884271,2,0.489973456
41884275,0,-0.583700955
41884289,7,0.39778766
41884299,2,0.331788868
41884301,7,0.581875861
41884302,1,0.696352541
41884304,0,0.309242457
41884306,2,-0.131658524
41884310,7,0.260757804
41884312,2,0.395154774
41884314,0,0.450949103
41884315,2,-0.211155653
41884329,2,0.594451845
41884338,2,0.527662277
41884449,0,0.121235482
41884462,2,0.597703159
41884463,0,0.171582177
41884464,2,0.791408777
41884467,2,0.689280689
41884470,2,0.234360889
41884475,7,0.34888202
41884477,0,0.457107604
41884488,2,0.347453594
41884498,2,-0.03487283
41884500,2,0.305058688
41884503,2,0.465612262
41884506,0,0.194418997
41884507,2,0.155449629
41884513,2,-0.018495739
41884514,2,0.756458998
41884517,0,0.332107931
41884528,2,0.468898833
41884648,1,0.824024439
41884649,2,0.775960565
41884658,2,0.004254997
41884659,0,0.417125463
41884661,0,0.311250001
41884662,2,0.213212162
41884663,2,0.337763369
41884666,0,0.842783451
41884670,0,0.280762553
41884675,2,0.685889125
41884676,2,0.705359936
41884677,2,0.426344156
41884689,2,0.540178895
41884700,2,-0.037942186
41884702,2,0.167039633
41884703,2,0.49149853
41884705,2,1.054233432
41884711,2,0.519773066
41884717,2,0.302600771
41884738,2,0.084001213
41884843,2,-0.169455737
41884846,2,0.207742319
41884847,2,0.834657788
41884850,0,-0.386376739
41884851,2,0.538824022
41884853,2,0.406970888
41884856,2,0.177860573
41884857,2,0.856166363
41886529,2,0.678280711
41886700,0,0.137923315
41886869,0,0.187787563
41886885,2,0.086111717
41886908,2,0.238150537
41886922,0,0.25216341
41886933,0,0.357483864
41887019,2,0.232742339
41887021,2,0.457549512
41887145,2,1.117799044
41887190,2,0.866960168
41887192,2,0.789256454
41887197,2,0.530096769
41887223,0,0.342943251
41887237,2,0.570080221
41887351,7,0.622463524
41887427,2,0.567872286
41887433,2,1.030372381
41887550,2,0.955851793
41887618,2,0.151245728
41887631,2,0.13283658
41887743,0,-0.260038197
41887757,2,0.573060453
41887779,2,0.652206421
41887785,2,0.181879163
41887792,2,0.297921419
41887817,2,0.15890263
41887828,0,0.189952835
41887838,2,1.107980132
41888077,2,0.24873659
41888262,0,1.003676891
41888489,0,0.297918558
41888715,2,0.450400501
41888845,2,0.224788591
41888851,2,0.451522321
41888857,2,0.353230864
41888890,2,0.750613213
41889019,7,0.700891972
41889146,2,0.507733345
41889152,2,0.762012959
41889154,2,0.619255066
41889181,7,0.923752844
41889187,2,0.358250111
41889235,2,0.021796316
41889383,2,-0.312495291
41889391,3,0.3628048
41889568,2,0.407306492
41889584,3,0.335213572
41889976,2,0.423554659
41889988,0,0.247066438
41890003,2,0.634292364
41890017,2,0.636921704
41890038,2,0.733533978
41890159,2,-0.318177551
41890163,2,0.440781862
41890167,0,0.243507758
41890173,0,0.649817467
41890175,0,0.579215765
41890206,2,0.4165833
41890364,2,0.774940848
41890374,0,0.275811553
41890388,7,0.434663504
41890399,2,0.213613153
41890413,0,0.55735743
41890775,0,0.242985487
41891294,2,0.229258299
41891318,2,0.440488517
41891320,2,0.380311191
41911257,3,0.920730591
41911440,5,1.320794106
41911483,2,0.383899122
41911518,2,0.808912039
41912011,2,0.96523428
41912358,2,0.893362999
41912363,2,1.051548243
41912373,2,1.004976034
41912406,3,0.568941832
41913045,5,1.137791991
41914105,2,0.397390783
41914114,2,0.620203495
41914648,2,0.668074846
41914677,3,0.846939325
41915154,2,0.700757802
41915420,2,0.569054365
41915594,3,0.03286238
41915632,2,0.784446001
41915741,2,0.64393115
41915839,3,0.938845873
41915970,5,1.413163781
41916273,2,0.662611187
41916312,5,1.260432482
41916880,2,0.585316896
41916881,2,0.504308939
41917035,2,0.501020551
41917037,2,-0.118625022
41917181,2,0.905961394
41917195,2,1.192832828
41917196,2,0.573335171
41917208,2,1.15815568
41917230,2,1.111372948
41917340,2,0.625692785
41917344,2,0.674251497
41917350,2,0.877987385
41917409,2,0.620019555
41917418,2,0.52663213
41917540,2,0.23370178
41917541,2,0.53174156
41917546,2,0.378804356
41917547,2,0.580935001
41917552,2,0.762270868
41917553,2,0.383852422
41917554,2,0.673192561
41917579,2,0.500665069
41917591,2,0.591739893
41917592,2,0.632244647
41917750,3,1.113264918
41917784,3,0.878193021
41917787,2,0.774371564
41917838,7,1.364534855
41917839,2,0.838817239
41918059,2,0.730444849
41918071,2,0.953475475
41918110,2,0.966048241
41918129,2,0.634239972
41918259,3,1.150582552
41918263,2,0.562799692
41918264,2,0.913641453
41918302,2,1.002688169
41918304,2,0.950491965
41918449,2,1.000454664
41918465,2,0.995304585
41918510,2,0.94973439
41918689,2,0.770466924
41918883,2,0.54732132
41918897,2,0.632051468
41918927,2,0.984031141
41919030,2,0.770693064
41919031,2,0.770298481
41919032,2,0.540417194
41919035,2,1.128868341
41919587,2,0.856123328
41919741,7,0.776408911
41919742,3,0.774385214
41919783,2,0.628116906
41919794,2,1.049798131
41920074,3,0.917711616
41920248,5,1.358888268
41920498,7,1.47441411
41920499,2,0.78386271
41920505,6,1.213574767
41920868,5,1.244933009
41920880,2,1.071968555
41920886,2,1.152192831
41921019,2,1.13674438
41921418,2,0.859429598
41921420,2,0.985479236
41921541,2,0.594522774
41921545,2,0.999910951
41921550,2,1.054353356
41921555,2,1.136608601
41921568,2,1.064569712
41921586,7,1.255622149
41921609,7,0.806634068
41921624,2,0.570935905
41921625,2,0.674650431
41921627,2,0.472458303
41921632,2,0.835910618
41921633,2,0.860526145
41921962,2,0.95348531
41921972,2,0.937674761
41922288,2,0.181535125
41922512,2,0.733335614
41923151,2,0.91851306
41923153,2,0.787186563
41923197,3,0.463154972
41923581,2,0.695462346
41923595,2,0.579075694
41923626,3,0.40501222
41923781,2,1.199585676
41923795,2,0.992303252
41923829,2,0.968047321
41923971,5,1.41372335
41924005,2,0.86941117
41924167,2,1.04417932
41924173,2,0.301912457
41924364,7,1.172205567
41924416,2,1.029955745
41924549,2,0.78695792
41924562,3,1.101194024
41924574,2,1.015131712
41924601,2,0.878304124
41924773,2,0.846003592
41924819,5,1.394021153
41924824,5,1.213037133
41924944,2,0.882003427
41924956,2,1.265703201
41924986,2,0.699364543
41924992,2,0.8609128
41924993,2,1.204697847
41925083,2,0.727838159
41925090,2,0.824501932
41925097,2,0.927979946
41925246,2,0.597802043
41925858,2,0.695176184
41925867,2,0.769215345
41925872,2,0.438299716
41925907,2,0.77186209
41925912,2,0.867906153
41925929,2,0.851689696
41926012,2,0.429283381
41926017,2,0.545428634
41926201,2,0.555555284
41926411,2,1.116023779
41926412,2,0.868576109
41926566,2,0.668781757
41926567,2,0.97228229
41926570,2,1.004366994
41926614,2,0.695800304
41926771,3,0.32655403
41926980,3,1.046899319
41926990,7,1.31656456
41927055,2,0.770929754
41927321,2,1.247359157
41927334,2,1.288672447
41927335,5,1.406638861
41927452,2,0.850634456
41927521,2,1.047592759
41927531,2,1.202400327
41927691,5,1.444503307
41927718,2,0.70848155
41927737,2,0.967181861
41928215,3,0.631683469
41928367,2,0.878104091
41928558,2,0.960024953
41928563,2,1.097056508
41928605,2,0.963626504
41965113,3,0.701830387
41965298,3,1.120318413
41965503,6,1.173485279
41966155,1,1.352339625
41966180,1,1.328052163
41966185,6,1.465141535
41966340,0,1.149985671
41966368,0,1.415181994
41966382,3,1.391223192
41966383,3,1.152191401
41966568,7,1.393437266
41966579,3,0.884140253
41966585,3,0.699850082
41966590,3,0.715677261
41966634,2,0.47766766
41966790,7,1.147327662
41966791,7,1.197618008
41966795,7,1.208820939
41966802,2,1.157375574
41966803,7,1.850868464
41966804,7,1.343235731
41967059,2,0.266502082
41967061,2,0.855561793
41967063,7,0.695278823
41967074,7,0.966813803
41967100,1,0.821872175
41967101,1,0.861058593
41967102,7,1.037974119
41967110,0,0.337426364
41967111,2,0.368846774
41967261,2,0.69985956
41967266,0,0.24369666
41967499,7,1.256091475
41967664,3,0.779087782
41967665,3,1.02223742
41967672,3,1.17272687
41967676,3,0.896058321
41967677,0,0.524145186
41967688,3,1.065291405
41967699,6,0.949980795
41967886,3,1.441846013
41967924,3,1.236829042
41967925,3,1.157358408
41967927,6,1.454001307
41967931,6,1.380951643
41967933,2,1.411606431
41967935,3,1.135948539
41967936,0,1.238905549
41967937,3,0.954350173
41968143,7,1.68382442
41968180,7,1.396819472
41968190,2,1.156773686
41968232,3,1.348408461
41968356,7,0.565722585
41968431,2,0.438886464
41968434,7,0.844797015
41968543,2,1.168604374
41968553,7,0.358986557
41968554,2,0.92387712
41968578,2,1.150681257
41968592,7,1.057156086
41968593,2,1.178310633
41968594,7,0.951345563
41968595,2,1.226662397
41968752,3,1.016237497
41968755,0,0.715168595
41968756,2,0.972861946
41968780,3,0.628086686
41968791,3,0.711741984
41968804,3,0.747723103
41968815,3,1.19871068
41968816,3,0.937307954
41968999,1,1.584819078
41969064,0,1.472233891
41969100,6,1.521774888
41969113,1,1.16760385
41969249,7,1.232659459
41969258,7,1.79135406
41969339,7,1.526910186
41969489,2,0.428079128
41969671,2,0.923478305
41969707,2,0.435215622
41969883,2,1.273333788
41969891,2,1.187852979
41969892,7,1.394733191
41969893,7,1.583254814
41969896,2,1.404723525
41969908,7,1.012928247
41969920,0,1.052578092
41969925,0,0.821714044
41969926,0,0.671470225
41969930,0,0.546709418
41969932,2,0.629180431
41969934,2,0.682816505
41970045,3,1.030257225
41970046,3,0.849298358
41970055,3,0.804522872
41970133,3,0.821521938
41970134,0,0.885872662
41970250,3,1.402347803
41970290,3,1.586512923
41970323,3,1.477223754
41970324,3,1.528821111
41970325,3,1.334456563
41970326,3,1.473995686
41970331,7,1.791692019
41970333,1,1.136325359
41970509,3,0.760029078
41970534,7,1.255980968
41970643,7,1.126634598
41970864,7,1.525812387
41971000,7,1.551013708
41971005,7,1.625564575
41971039,2,0.966733575
41971165,7,0.880140424
41971199,2,0.176394552
41971348,2,0.294305682
41971364,2,0.470885336
41971373,2,0.328178465
41971406,2,0.263273448
41971416,2,0.779843628
41971564,2,0.329618633
41971610,2,0.228914872
41971748,3,0.774723828
41971749,7,1.224787235
41971798,7,0.870829105
41971830,3,1.07253015
41971835,3,0.745749474
41972530,2,0.711181521
41972681,3,0.837599754
41972686,3,1.10724318
41972691,3,0.885589004
41972696,2,0.745034337
41972864,3,1.183480024
41972865,0,1.163858175
41972900,0,1.08186245
41973171,6,1.373477936
41973360,7,1.427938461
41973366,6,1.228208542
41973367,1,1.370777249
41973372,3,1.314507484
41973373,3,1.636646271
41973942,7,1.360672951
41973986,7,1.49157536
41973995,7,1.410360098
41974026,7,1.538348556
41974194,7,1.375535727
41974195,7,1.312678456
41974197,7,1.374539495
41974208,7,1.493297458
41974224,2,0.452014267
41974551,5,0.981684446
41974552,2,0.908264041
41974582,2,0.686304808
41974587,2,0.832741499
41974742,2,1.127954721
41974743,2,1.246363521
41974746,7,1.185957193
41974750,2,1.116291285
41974753,7,0.823207438
41974754,0,1.02528429
41974756,3,0.456788778
41974794,3,0.896604836
41974962,2,0.596629679
41974964,3,1.422228217
41975063,2,0.876529038
41975071,3,1.297843933
41975074,3,1.152962208
41975266,1,1.223305821
42966748,2,0.714982331
42966770,2,0.539743185
42966821,2,1.006118059
42966822,0,0.363009095
42966836,2,0.806674361
42966837,0,0.968865395
42967078,2,0.365504444
42967252,2,0.191611156
42967254,2,0.738812327
42967255,2,0.768993855
42967257,7,0.412101507
42967492,4,0.762600124
42967531,1,0.881377339
42967532,1,0.648097694
42967650,2,0.044617668
42967651,2,0.237599775
42967720,2,0.454688787
42967722,2,0.559273899
42967859,2,0.833164334
42967860,2,1.230439782
42967861,5,1.017074347
42967864,2,1.024271369
42967900,4,0.330623925
42967910,2,0.481363177
42968003,2,0.73283112
42968004,2,0.756431103
42968160,7,0.267746806
42968163,2,0.685548425
42968167,2,0.851890445
42968217,2,0.581064165
42968349,2,0.679367602
42968358,2,0.746090353
42968367,2,1.143073916
42968561,7,0.786807239
42968602,3,0.771278262
42968824,2,0.430063456
42968946,2,0.676031351
42968968,2,0.678765774
42968978,2,0.724554896
42968985,2,0.937545776
42968986,2,0.752797425
42968995,4,0.814670205
42969043,2,0.872229636
42969080,2,0.513640821
42969083,2,0.522978187
42969093,1,0.533035696
42969119,2,0.744115114
42969131,2,0.743360758
42969134,2,0.796391666
42969135,7,0.119595274
42969247,3,0.390061945
42969250,2,0.633834898
42969253,2,0.767139971
42969255,2,0.480692089
42969269,2,0.448198199
42969279,2,0.812003136
42969280,2,0.742367268
42969282,2,0.567792952
42969286,2,0.810562611
42969287,2,0.637763143
42969290,2,0.549293637
42969292,2,0.558082581
42969293,7,1.023921132
42969295,2,0.948138714
42969321,4,0.781128407
42969325,1,0.655519545
42969327,4,0.393622637
42969332,2,0.343984753
42969336,1,0.307766438
42969337,2,0.588202775
42977124,3,0.888690114
42977873,3,1.3878088
42977929,7,1.610208988
42978162,1,1.13054657
42978177,6,1.30332756
42978374,1,1.331178665
42978771,3,1.40258944
42978772,0,0.998777866
42978809,5,1.070373058
42978824,3,1.350210428
42979055,8,0.555703819
42979078,0,0.683191895
42979087,3,0.655053973
42979096,3,0.231899798
42979108,3,0.740710676
42979119,0,0.418482453
42979135,2,0.75830698
42979253,3,0.513141811
42979287,3,0.911331117
42979297,3,0.608479559
42979323,3,0.955928922
42979478,3,1.127967358
42979487,3,0.594085276
42979493,6,0.718354464
42979520,0,0.643390536
42979524,3,0.694727898
42979526,0,0.611469328
42979859,3,1.253025532
42979889,3,1.488458753
42980026,3,1.264419556
42980143,6,1.255872369
42980187,3,1.447983742
42980800,2,1.344809532
42980801,1,1.268292785
42980807,2,1.453857422
42980811,4,1.636488318
42980814,3,1.518553734
42980815,3,1.244125605
42980816,3,1.4716959
42980817,1,1.458969831
42980988,3,1.062659025
42981089,0,1.400606394
42981881,8,0.252194434
42981923,3,0.395023882
42982018,3,0.812371254
42982025,2,0.431141078
42982032,2,0.703713179
42982152,3,0.990267575
42982218,3,0.64365685
42982224,3,1.050918937
42982345,3,1.074326992
42982543,3,0.944007933
42982584,3,0.413930416
42982586,3,1.502868056
42982597,3,0.982250452
42982618,3,1.048851132
42983059,3,1.162352204
42983315,3,1.638678432
42983473,6,1.647724628
42983500,3,1.425352335
42983503,1,1.338132501
42983659,3,1.460249901
42983665,1,1.396783948
42983671,1,1.285871029
42983689,3,1.293848753
42983738,3,1.578799248
42983840,2,0.440880924
42983846,5,1.590462446
42984126,2,0.389808834
42984136,8,0.988498211
42984254,3,0.601012528
42984279,8,0.551953435
42984282,3,0.854572415
42984469,2,0.945506573
42984493,2,0.652440131
42984641,3,0.791142464
42984642,0,0.656930864
42984644,0,0.776540935
42984721,2,0.839668751
42984735,7,1.178377628
42984917,2,0.412792504
42985000,5,0.988524854
42985010,0,0.732902944
42985548,1,1.395367146
42985758,1,1.449189186
42985824,3,1.342838764
42985994,1,1.157435536
42986091,1,1.444176435
42986109,3,1.266231418
42986119,1,1.31524384
42986120,1,1.248568654
42986121,1,1.439185381
42986251,0,0.822966278
42986269,1,0.378592014
42986282,0,0.4467026
42986480,3,0.780204952
42986509,0,0.493774533
42986519,0,0.479540408
42986525,3,0.478439867
42986532,0,0.445122004
42986535,3,0.549724221
42986641,3,0.925031662
42986682,0,1.206108689
42986690,2,0.793288589
42986697,2,0.69642818
42986719,4,0.834151447
42986888,5,1.203723192
42986928,3,0.98868674
42987199,1,1.384147525
42987203,3,1.474435806
42987417,4,1.486060023
42987773,3,1.4726125
42987940,2,0.716215372
42987941,2,0.893529713
42987942,2,0.706863523
42987943,2,0.746114254
42987946,5,1.153109789
42987947,2,0.598343134
42987952,2,0.617077768
42988127,0,0.396722913
42988246,0,0.677484393
42988278,0,1.253671408
42988490,3,1.144960284
42988495,3,1.245823979
42988522,3,1.087524652
42988536,3,1.023340821
42988641,3,0.938800573
42988722,3,0.838302612
42988732,3,0.82407701
42988737,0,0.70407337
42989165,2,0.849080801
42989171,2,1.048973799
42989173,7,1.142909527
42989177,4,1.131464958
42989210,3,0.781641245
42989375,3,1.226836324
42989376,0,1.256730199
42989438,3,0.593378782
42989561,7,1.445240378
42989564,3,1.574605465
42989589,2,0.846961677
42989638,3,1.213699818
42990156,1,1.686748624
42990232,3,1.220857024
43922743,3,0.408771187
43923304,6,1.316104412
43923448,2,0.062204912
43923449,2,0.143058002
43923840,3,0.676180601
43923843,2,0.932244182
43924669,2,0.666625917
43924679,2,0.412661076
43924719,2,0.227945685
43925229,2,0.767526984
43926057,0,0.331765115
43926079,2,0.46050182
43926082,2,0.015807159
43926083,2,0.226996303
43926085,2,0.662202001
43926086,2,0.578934073
43926092,7,0.905039847
43926094,2,0.83963728
43926108,3,0.650544465
43926109,2,0.820576072
43930420,2,0.252690315
43930422,2,0.494687021
43930423,0,0.698963165
43930426,2,0.597082019
43930556,2,0.22817567
43930790,2,0.879663646
43930803,2,0.615612149
43930813,2,0.982810438
43931467,2,0.309488058
43931474,2,0.849951863
43932147,2,0.840692163
43932185,2,0.905621767
43932379,2,0.937396646
43932383,2,0.758830667
43932385,2,0.872207642
43932386,2,0.536732078
43932387,2,0.762159109
43932593,2,0.737672925
43932621,2,0.766922891
43933649,2,0.593607664
43934043,2,0.37957868
43934320,2,0.963038623
43934324,2,0.621650219
43934442,2,0.230362505
43934443,2,0.072541595
43934445,4,-0.101896465
43934914,2,0.52743566
43935174,2,0.643906355
43935358,7,0.959652007
43935577,2,0.60641104
43935765,2,0.767536998
43935947,2,0.476083726
43936053,2,0.488832206
43936091,2,0.746453404
43936120,2,0.50367099
43936655,2,0.372629374
43936656,2,0.503835738
43937160,4,0.72356993
43937348,2,0.723655522
43937371,3,0.483996719
43937398,2,0.478439987
43937407,2,0.832027972
43937412,7,0.781194508
43937413,7,0.80431509
43937414,2,0.830731988
43937563,2,0.325544327
43937570,2,0.257420391
43937612,2,0.678352475
43937759,7,0.473305702
43937766,2,0.782340288
43937943,2,0.865249157
43937950,2,1.028076291
43937984,7,1.563123465
43937994,2,0.897964716
43938109,2,0.85637629
43938682,2,0.854153037
43939012,2,0.504601717
43939610,2,0.344317913
43939638,2,0.533935189
43941351,2,0.509904206
43941594,2,0.71941644
43941740,2,0.015733019
43941755,2,0.270761102
43941757,2,0.507188082
43941795,2,0.450748324
43941828,2,0.743231893
43941960,2,0.891755223
43943583,2,0.909611523
43943594,2,0.909992695
43943595,2,0.624735415
43943814,2,0.742286801
43944563,2,0.40036571
43944564,8,1.160678506
43944575,2,0.647066057
43944771,2,0.692137837
43944775,2,0.47082293
43944799,2,0.457296193
43944833,2,0.507849693
43944834,2,0.717560053
43944836,2,0.868340373
43945135,2,0.560996175
43945282,2,0.609706759
43945442,2,0.82371068
43945451,2,0.306778818
43945453,2,0.143519998
43945519,2,0.315403402
43945522,2,0.370473027
43945525,2,1.028826118
43945527,2,0.438134253
43945530,2,0.561893106
43945532,2,0.435889781
43945533,2,-0.050877124
43945535,2,0.470708817
43945536,2,0.907863379
43945537,2,0.42975831
43945643,1,0.522784352
43945653,2,0.836103678
43945657,2,0.809288979
43945692,2,0.499965847
43945696,2,0.708914518
43945872,0,0.603876114
43946210,2,0.52017355
43975806,0,0.530034661
43976048,2,0.62611711
43976089,2,0.918819904
43976102,2,1.00820899
43976103,2,1.232318282
43976313,2,1.146758318
43976512,2,1.273265958
43976852,2,0.517370522
43977408,2,0.677777886
43978067,2,1.119322062
43978259,2,1.220475912
43978699,2,0.20603931
43978704,2,0.403106898
43979555,2,0.987855256
43979581,2,0.453748703
43979949,4,0.056683786
43979962,2,0.78734529
43980282,2,0.73928225
43980452,7,-0.040086091
43980454,7,0.17801562
43980478,7,0.088347934
43980483,0,0.496130168
43980491,1,0.922545552
43981837,2,0.96388036
43982122,2,0.53057909
43982861,2,0.6359694
43983371,2,0.475075036
43983377,2,0.185079008
43984582,4,1.084828615
43984768,7,0.887883246
43984784,2,0.785393536
43984801,2,0.816869974
43984998,2,0.284544826
43985461,2,0.539552808
43985908,2,0.371986687
43986959,7,0.565955102
43986976,1,0.86698252
43987728,2,1.098948598
43988347,2,0.496961564
43988369,2,0.614919603
43988382,2,0.952137351
43988395,2,0.75945437
43988431,2,0.066676274
43989070,2,0.580744088
43989113,7,-0.024053425
43989139,2,0.501802623
43989470,2,0.704545259
43989850,4,0.503727496
43989934,4,0.91302675
43990281,4,0.961161554
43990284,2,0.26888603
43990297,2,0.370434791
43990324,2,0.604738593
43990325,2,0.816889048
43990331,2,0.542979002
43990928,2,0.366756082
43991371,2,0.369092762
43993003,7,0.68823266
43993004,7,0.763920784
43993979,2,0.961414218
43994145,2,0.422230631
43995104,7,0.976609826
43995504,2,0.736453831
43995529,2,0.94738102
43996345,2,0.138878018
43996355,2,0.695699096
43996746,2,0.459825605
43996780,2,0.395631194
43996784,2,0.57853651
43997138,2,0.646498799
43998579,2,0.643978596
43998582,2,0.54999274
44003988,2,0.750239909
44004000,2,0.837667704
44004012,2,0.869794071
44005057,2,0.610534906
44005097,2,0.893505812
44005119,2,0.692444086
44005137,2,0.817730546
44005709,2,0.742251158
44005730,2,0.867650986
44005735,2,0.503238499
44006372,2,0.219075084
44007087,2,0.87954545
48512900,7,0.913393378
48513248,4,1.217000723
48520816,3,1.371993423
48523098,6,1.341934443
48528612,4,1.337699771
48529095,5,1.321656942
48529156,4,1.308565259
48529764,5,0.964746892
48531475,3,0.425772905
48531479,4,0.7903983
48531481,4,0.791197658
48533043,4,1.048472285
48533153,3,0.686661363
48550892,5,1.06039834
48706457,3,1.376564145
48706465,1,1.075632453
48706466,3,0.833744109
48709925,6,1.021181703
48713705,2,1.010345936
48808354,4,0.586871386
48809315,4,1.563194871
49242874,8,1.137299061
49242991,1,0.931226492
49243054,8,0.762525797
49243725,3,0.675003529
49243767,6,0.82714355
49243814,7,1.477374911
49243827,4,0.865917146
49243862,5,1.088285685
49246232,3,-0.081541762
49298673,3,1.174817443
49302102,9,1.26495266
49305798,6,1.105576515
49305801,8,1.399225593
49309983,1,1.063465834
49319423,4,1.092643738
49319450,2,1.244731188
49410722,5,1.402962923
49410738,5,1.303732514
49410814,5,1.30049479
49410831,5,1.02254343
49411007,5,1.241555214
49411057,4,0.837022543
49411162,5,1.271469116
49411313,5,1.677911997
49411324,5,1.466095924
49412759,4,0.81133008
49414627,2,0.913466632
49415620,7,0.989998579
49424495,1,0.994342387
49424501,4,1.268845797
49426133,4,1.129288793
49426138,5,1.377451539
49426149,5,1.427664876
49426269,5,1.326203585
49426516,5,1.398970962
49426538,1,1.269324303
49426549,1,1.109675884
49426941,3,0.990484834
49426994,4,0.715646625
49427363,9,0.715460956
49427823,4,1.291825533
49427825,2,1.222178221
49435521,4,0.535255313
49437489,4,0.942281902
49437494,4,1.517657161
49437521,0,0.647253513
49437525,1,1.226814985
49441345,6,1.19120574
49444523,7,1.513745189
49444526,5,1.261279821
49444568,5,1.141532302
49444569,1,0.923379838
49444572,1,0.876120269
49444575,1,0.882643342
49444578,1,1.547593832
49444580,1,1.2180655
49444582,4,1.54714036
49444584,1,0.572664738
49451255,8,0.949521363
49451264,8,1.044572115
49460164,6,1.010667443
49490666,3,1.197639465
49494807,6,1.288614511
49494809,6,0.877392411
49494810,4,1.686320543
49530724,6,0.853501797
49530927,4,1.538649678
49531004,2,0.434918731
49531140,4,1.523510337
49539316,8,0.808873475
49539323,1,0.958395422
49539324,4,1.241290092
49539395,3,1.263270617
49539409,6,0.964063108
49539599,2,0.638157964
49539660,3,1.476029158
49539717,2,0.052624419
49539761,2,0.827983856
49541964,5,1.102155685
49541967,5,1.142347693
49541970,4,1.240970969
49542115,3,1.069788694
49542262,5,1.316717625
49542263,9,1.238905191
49542288,1,1.16225028
49544502,1,0.431041807
49544503,9,-0.153350115
49544504,8,1.186965108
49544507,8,1.103309751
49544529,2,0.555762351
49544538,1,0.796469808
49544539,1,0.574400604
49544549,8,0.925495863
49544561,2,1.091337204
49544562,6,1.44938314
49544563,1,1.206357718
49544566,1,1.52525723
49544567,1,0.80333972
49544570,6,1.320691824
49544576,6,1.48968327
49544577,6,1.524799585
49544598,6,0.871761441
49544601,6,0.590934753
49544602,6,0.430199087
49544658,6,0.817285299
49544660,6,0.886136293
49544661,8,0.789781928
49544663,8,0.736121178
49544666,1,0.764726222
49544670,6,0.160010934
49544673,1,0.803962827
49544674,5,0.732263803
49544679,1,1.116558075
49544692,0,0.105379641
49544701,0,0.642110467
49544712,8,1.226631045
49544729,4,0.848231554
49544776,9,0.246585041
49544777,4,-0.223519638
49544798,1,0.616522133
49544799,0,0.358320862
49544808,1,1.057361484
49544809,3,0.821075141
49544820,6,0.913093567
49544822,6,0.913093567
49544824,1,1.329478264
49544825,1,1.577961087
49544827,6,1.058722377
49544831,6,1.295445561
49544834,6,1.020915627
49544835,6,1.570302129
49544836,6,1.12842536
49544846,6,1.172262549
49544851,8,1.5426476
49544852,8,1.309722424
49544853,8,1.342565536
49544855,8,1.29018259
49544857,1,1.485690355
49544862,3,0.874791265
49544878,6,1.080659509
49544880,6,1.473770261
49544925,6,0.783278644
49544926,6,0.498873025
49544930,4,0.756716251
49544933,8,1.173858643
49544935,8,1.115131974
49544941,5,0.542360127
49544945,6,0.532909155
49544954,8,0.846430242
49544955,1,0.744307876
49544968,2,0.46920526
49544983,1,1.086984992
49544984,8,1.062792182
49544986,8,0.518639743
49545008,0,0.204543322
49545024,1,0.311677337
49545027,4,-0.216077238
49545040,1,0.722173214
49545043,4,1.161740661
49545044,6,1.145054698
49545080,1,1.105689764
49545082,1,0.981596768
49545087,6,0.801065922
49545090,1,1.542418718
49545091,6,1.015261292
49545093,1,1.102740765
49545095,6,1.145026088
49545108,8,1.430682302
49545118,8,1.319626451
49545119,8,1.221217394
49545123,6,0.937821627
49545126,8,1.066009283
49545130,6,0.922085762
49545132,6,1.563274622
49545134,6,1.142983198
49545141,8,1.176334023
49545157,6,0.527350307
49545430,8,0.95599556
49545431,6,0.728866339
49545432,4,0.995624483
49545434,3,0.862829506
49545436,3,0.672306418
49545440,8,0.757576525
49545442,6,0.648630202
49545524,0,0.505214512
49545542,8,0.612044573
49545543,8,0.991868436
49545555,0,0.362341791
49545556,0,0.309992582
49545568,8,1.119181871
49545569,8,0.187976271
49545622,1,0.784298062
49545624,8,0.993852794
49545627,0,0.509571612
49545631,3,0.892565727
49545744,2,0.617344737
49545747,2,0.51757288
49545750,1,1.467824221
49545751,6,0.77662605
49545754,6,0.892740905
49545756,1,0.7922948
49545757,1,0.746179998
49545759,1,1.487519383
49545768,8,1.109142065
49545769,6,1.201159716
49545778,6,1.057990789
49545779,6,1.476666331
49545802,8,1.844336748
49545805,8,1.468500614
49545807,8,1.498842001
49545810,8,1.160329819
49545811,8,1.387748003
49545814,8,1.349307656
49545817,8,1.057811379
49545873,1,0.536938369
49545876,3,0.826869607
49545889,1,0.568515062
49545901,4,0.61937356
49545903,4,0.708298862
49545906,8,1.112719536
49545929,0,0.400741607
49545939,9,-0.020890832
49545942,2,0.484527737
49545956,9,-0.008253172
49545958,0,0.30449602
49545962,5,0.451255471
49545965,2,0.641177118
49545966,2,0.435540706
49545967,2,0.255014002
49545972,6,1.249772787
49545974,6,1.336448431
49545975,1,1.422915816
49555072,3,0.956238806
49611455,6,1.265750885
49646513,5,1.43302381
49646520,5,1.403194666
49646525,1,1.277930856
49646531,8,0.567688942
49646536,4,0.780008793
49646538,4,0.532005012
49646539,4,1.148505449
49646540,4,0.775594354
49646542,0,0.050686672
49646550,3,0.402932882
49646554,3,0.780825436
49646596,0,0.487876564
49646598,8,1.140329361
49646599,8,0.796081483
49646600,8,0.374304831
49646606,1,1.200563192
49646615,1,1.067223907
49646620,0,0.423243374
49646632,8,0.688356459
49646636,8,0.713003993
49646638,8,0.995091081
49646642,3,0.855915904
49646647,1,1.205538988
49647045,5,1.887910843
49647054,5,1.579699039
49647056,1,1.18996942
49647058,5,0.895034611
49647060,4,1.024343371
49647061,4,1.392861128
49647063,4,1.418269992
49647064,8,0.776443541
49647066,8,0.728230417
49647071,3,0.636387587
49647074,8,0.668094456
49647077,3,0.439354002
49647079,3,0.359980017
49647080,0,0.461229622
49647081,0,1.198081493
49647082,1,1.1192801
49647086,0,0.704398572
49647088,0,0.645097673
49647093,8,0.865567684
49647096,8,1.064945698
49647098,8,0.964640141
49647108,7,1.39285326
49674506,3,0.762019634
49694162,4,-0.094058648
49694526,6,1.113682866
49694986,4,1.122405887
49695060,6,1.372319818
49695261,1,0.275773644
49695423,4,1.423776746
49695426,6,1.063546658
49696037,2,1.144095659
49696048,4,1.044167876
49696280,1,0.767682314
49696311,3,1.168791056
49697712,4,0.645789802
49697902,3,0.927773595
49697905,6,0.742460191
49700412,2,1.074852467
49700415,1,0.938190937
49700417,1,0.872995615
49700425,1,1.03517437
49700835,6,0.963643909
49700837,6,0.477587134
49700838,8,0.344063401
49700839,2,0.453132987
49700843,5,0.846180379
49700847,4,1.7473315
49701210,3,0.999648631
49701278,4,1.130802274
49701281,3,1.263729334
49701528,5,1.190354347
49701888,4,0.945454538
49701944,5,0.447098076
49702415,5,0.205697611
49702417,3,0.902542055
49702420,3,1.150398493
49702736,2,1.447267771
49702740,2,0.357358217
49702745,3,0.994634271
49702746,0,0.711002171
49702749,6,1.211037517
49704254,1,1.231503963
49704255,4,0.946603954
49704878,9,0.896291673
49704911,8,0.861723661
49705079,5,0.640892029
49718322,4,0.758524179
49718347,6,1.216125011
49723309,3,1.026677966
49726922,4,1.659222245
49726924,5,1.09156549
49727384,4,1.479388118
49727546,6,1.476407766
49743248,8,0.561740279
49743249,4,1.216751695
49743262,3,1.576801896
49743268,6,1.328499198
49743270,2,1.276439905
49743275,4,1.369936824
49743286,6,1.22351706
49743291,6,1.237477303
49743295,4,0.74985069
49743296,8,0.750200808
49743304,4,0.847237825
49743308,5,0.890450954
49743318,2,0.825285375
49743363,7,1.171188951
49743366,1,1.215623736
49743370,8,0.849299312
49743371,8,0.903077185
49743374,3,0.95257926
49743378,2,0.852286816
49743381,5,1.437909961
49743385,1,1.730405807
49743389,8,1.280027986
49743394,6,1.614536524
49743396,1,1.454997659
49743403,7,1.559454918
49743407,7,1.510596514
49743411,7,0.861591935
49743420,1,1.996853948
49743421,7,1.164996147
49743423,6,1.544817686
49743424,7,1.271154881
49743427,1,1.236735821
49743429,7,1.396700621
49743433,7,1.336348176
49743436,7,1.226481199
49743442,7,1.175724387
49743444,7,1.179771781
49743447,1,1.049627423
49743448,7,1.274924397
49743449,1,1.268492222
49743450,1,1.152635336
49762719,6,0.878029346
49762721,6,1.236402273
49763441,6,1.293652773
49764004,7,1.091528177
49766388,8,1.147869825
49813448,4,0.912013292
49859756,1,1.455869317
49859809,5,0.798817992
49860032,4,1.028216124
49881588,8,0.831507146
49882056,4,1.745420456
49882058,4,2.204462051
49882501,4,1.912482858
49946534,1,0.735749722
49949560,4,1.092009783
50061498,4,1.281672716
50097512,5,1.547430634
50097545,8,0.669052005
50097546,5,1.324565172
50097547,6,1.270363808
50097570,4,1.264273286
50097572,4,0.995658934
50097573,2,0.751958489
50097576,3,1.308640599
50097577,3,1.135825753
50102932,5,1.501657844
50102935,4,1.002752066
50102986,3,1.315759182
50133127,6,0.340706766
50133764,4,1.547024846
50133767,4,1.347400546
50133768,3,0.929060459
50133769,1,1.085851073
50136183,4,1.310951352
50136186,4,1.542919636
50136188,4,1.591053963
50136192,4,1.692545414
50136194,4,1.251182318
50136195,4,1.246235967
50136207,1,1.034361601
50136499,3,0.616714418
50136707,3,1.337676764
50136710,4,1.621039152
50136713,4,1.311512709
50136923,7,1.318750143
50136984,5,1.217434168
50136995,4,1.558892727
50137095,4,1.181444287
50195032,8,1.259070635
50195036,8,1.462764144
50195039,8,1.727888346
50195799,0,0.471959174
50204076,7,0.765994787
50204077,5,0.856729865
50204079,4,-0.278749108
50204080,5,0.635526717
50205975,4,1.109190464
50206017,3,1.204135537
50206022,3,1.241574526
50231123,8,1.380183935
50231125,8,1.137403011
50231129,6,1.693779469
50231385,3,1.341699004
50235868,6,1.132840157
50235891,6,1.451622486
50235892,8,1.287674785
50235896,6,1.244181752
50235908,6,1.423361063
50235909,6,1.138002157
50235926,6,1.397500753
50235931,6,1.459237218
50235932,6,1.326959252
50235933,8,1.270703673
50236008,6,1.32228756
50236009,8,1.088260293
50236021,6,1.252729177
50236022,8,0.977108002
50236023,8,0.906441808
50236024,6,1.074633956
50236036,6,1.637003779
50236151,8,1.438953996
50236155,8,1.520407677
50236157,8,1.337194324
50236179,8,1.131031513
50236184,8,1.28177619
50236187,7,1.276893139
50236209,8,1.586322546
50236220,8,1.635113835
50236222,8,1.650513649
50236225,8,1.849168658
50236347,8,1.241623282
50236352,8,1.554940224
50236369,6,1.339450359
50236379,8,1.42904067
50236383,7,1.104029536
50236384,8,1.106276989
50236386,8,1.474251151
50236391,1,1.275039673
50236392,1,1.043226719
50236395,6,1.255335093
50236396,1,1.232939363
50236408,8,1.453962684
50236418,6,1.314980745
50236419,6,1.309329987
50236425,6,1.472177744
50236427,6,1.396834254
50236431,6,1.322175741
50236434,6,1.107065558
50236437,6,1.352980137
50236547,8,1.191633224
50236551,6,1.268019199
50236552,8,1.306514978
50236555,8,1.655125499
50236557,6,1.444160938
50236578,8,1.41423142
50236582,6,1.122478962
50236584,6,1.341099024
50236585,6,1.204194784
50236609,8,1.548406243
50236619,6,1.60053134
50236622,8,1.289506912
50236632,6,1.242611408
50236750,6,1.357592463
50236804,6,1.335474491
50236949,6,1.540716648
50236960,8,1.62536633
50236961,7,1.426363707
50236963,8,1.426102042
50236964,8,1.351821184
50236970,8,1.667973757
50237059,8,1.452368736
50237063,8,1.447557449
50237073,6,1.326597691
50237075,6,0.982139707
50237101,6,1.480969429
50237102,6,1.37031579
50237110,6,1.36215806
50237116,6,1.543994308
50237128,6,1.185896397
50237129,8,1.482245445
50237249,1,1.528408051
50237259,6,1.854453325
50237261,6,1.131315231
50237262,6,1.205144286
50237265,1,0.762953877
50237266,6,1.346289992
50237271,2,0.897032499
50237273,6,1.789124012
50237275,6,1.288562775
50237277,3,1.120548487
50237299,2,0.493647456
50237301,7,0.969753385
50237302,7,0.847444057
50237306,6,0.744728029
50237313,7,0.91611433
50237314,1,0.519191504
50237315,2,1.312978983
50237317,2,0.495158672
50237448,6,1.464832544
50237458,5,1.008455396
50237466,1,0.716707945
50237471,6,1.094486833
50237473,5,1.296959877
50237475,1,0.907364309
50237498,6,0.901891828
50237499,6,1.33258605
50237501,6,1.246375203
50237503,1,1.065349221
50237505,1,1.092532277
50237507,5,1.159517884
50237510,7,1.130503178
50237514,6,0.992874146
50237517,1,0.959335268
50237529,1,1.457697511
50237538,6,1.362160683
50237539,1,1.282930851
50237661,5,0.581138134
50237662,2,1.032396078
50237664,6,1.234917641
50237666,6,1.653438091
50237667,1,1.800961971
50237670,6,1.13072741
50237671,7,1.015850425
50237675,1,1.145701051
50237676,6,1.805485129
50237689,5,1.006804466
50237698,6,1.542003751
50237702,2,1.068487525
50237711,2,1.346018672
50237716,6,1.360969782
50243286,4,1.49601686
50243287,4,1.271405339
50243538,6,0.667002857
50243780,6,1.498910785
50245720,4,1.872758985
50245740,4,1.881978512
50245742,7,2.058315277
50245744,4,2.03595829
50245745,7,1.881077409
50245749,4,1.995152473
50245752,4,1.872758985
50245755,4,1.909236073
50245926,7,1.924323559
50253252,4,0.853675365
50253253,8,0.704397202
50253256,4,1.099894285
50253477,4,1.483403087
50253482,8,1.443988562
50258165,1,1.181597829
50258167,1,1.584249377
50258168,1,0.988198936
50258182,7,1.203205466
50258206,4,1.425014377
50258216,4,1.580026746
50258231,2,1.152881622
50258245,4,1.394287586
50258258,1,1.117984533
50258306,5,1.248416185
50258314,4,1.10659194
50258323,4,1.043597698
50258325,4,0.464793742
50258326,4,0.483672053
50258330,4,1.036383986
50258333,4,1.003480673
50258336,3,1.184802771
50262139,6,1.535625577
50262143,6,1.369032145
50287114,7,1.453561783
50287117,2,0.825305581
50287189,3,0.725238383
50287191,8,0.486364096
50287194,4,1.424243927
50287197,8,1.193602681
50287472,6,1.370573997
50287484,1,1.079717755
50287600,5,0.697291553
50287809,8,1.124844313
50291547,6,1.359989882
50300946,6,1.192436814
50300947,7,0.976861298
50300960,8,0.739622235
50319069,4,1.3221035
50319508,4,0.490519047
50331338,4,1.323698878
50331341,2,0.370452225
50331344,3,0.381139398
50331345,3,0.821154773
50331351,2,0.114466056
50331617,1,1.246156693
50331623,5,1.220020175
50331700,6,0.953457355
50332364,1,1.411563277
50332704,6,1.241445661
50336586,4,0.641391397
50336588,1,0.790053427
50336592,5,1.169714451
50336783,4,1.509627581
50336787,6,1.005702257
50336797,4,1.907303929
50347147,4,1.582133412
50347975,8,1.412784815
50348085,3,0.966801345
50348455,3,0.252359092
50348488,2,0.656288147
50348597,1,0.90429908
50348899,5,1.308126807
50354424,6,0.944830358
50354428,1,1.429816127
50354460,6,1.284992933
50354481,4,1.677011728
50354499,2,0.778885663
50354513,4,1.336577654
50354539,4,1.371189356
50354599,0,1.676935434
50354648,8,1.317638397
50354649,8,1.370263219
50354652,3,1.596964836
50354653,3,1.687697649
50354675,5,1.228232861
50354676,5,1.061309338
50354678,6,1.310391188
50354813,4,0.817440152
50354934,7,1.398602128
50355078,5,0.029411167
50355086,1,0.696430683
50355087,1,0.827542067
50355088,5,1.250605345
50357029,6,1.017372847
50357030,4,0.610633552
50357089,4,1.220810056
50359517,4,1.273500443
50359518,4,1.109897852
50359521,1,1.495182514
50360136,4,0.941905499
50360275,4,1.654354215
50360276,4,1.797459364
50360279,4,0.936244071
50360280,4,1.11517942
50363146,1,0.936089873
50363147,5,1.05828464
50363731,4,0.919159412
50364282,4,1.219270706
50364692,4,0.703894794
50387048,1,1.300086379
50387053,5,1.343960524
50390388,4,1.412651181
50390395,5,0.415265292
50390400,3,0.974629879
50390466,8,0.989568949
50390468,3,0.951996386
50394520,4,1.181166887
50411241,4,2.042254686
50418263,8,1.140179634
50418264,6,1.459048748
50424577,1,1.082722545
50424582,1,1.232792854
50424660,7,1.03988874
50437728,4,1.767229199
50438935,4,1.750307322
50441704,1,1.308238626
50441807,6,1.341346502
50441831,6,1.343599319
50456284,6,1.045349121
50456295,6,1.305654049
50456322,4,1.116559863
50456386,5,0.80896616
50458568,4,1.870061755
50458790,4,1.426870942
50462116,4,2.05112958
50462257,7,1.924323559
50464158,4,1.745420456
50464160,4,1.881978512
50466388,4,0.340441197
50466868,6,0.929376125
50466873,4,0.260849357
50466988,9,0.653440833
50466989,6,0.856705427
50466990,5,1.539623737
50467076,5,0.702112436
50467080,8,1.374124885
50467090,0,1.920816302
50468355,6,1.123684049
50468359,5,1.188647628
50468362,4,1.043316841
50468371,4,1.142836452
50468986,4,1.800311446
50469487,6,0.909988582
50470633,4,2.037662029
50471036,4,1.767229199
50471201,4,1.875556827
50471203,4,2.210716248
50472963,4,2.247806072
50473371,4,1.382840633
50474006,4,1.920708656
50474011,4,1.783580899
50474275,3,1.74186492
50477160,6,1.499804974
50477168,6,1.237240314
50477183,6,1.297518015
50477186,4,1.788448095
50479290,5,1.410338163
50479449,5,1.68061471
50479894,8,1.102354765
50479895,6,1.230203509
50480308,6,1.174530864
50480411,4,1.201939702
50480988,6,0.78816849
50481023,3,1.152707577
50481550,4,0.939768314
50481612,8,1.076583743
50481648,4,1.066179395
50482698,3,0.913525581
50482746,6,1.573441744
50482947,7,2.060644388
50484977,4,2.27918601
50484982,4,2.013770819
50484988,4,1.767229199
50485158,1,1.220026016
50485439,8,0.464883804
50493500,4,1.336764693
50494412,6,1.956440687
50505803,3,0.951819658
50511615,3,1.192942619
50511619,6,1.054093122
50512323,6,1.185006618
50514690,4,1.985650778
50515116,4,1.920708656
50516020,4,1.842208147
50517965,1,0.998301089
50517987,5,1.235589743
50517988,5,1.340451241
50517991,5,1.521018267
50517993,5,1.86834693
50517994,5,1.703700781
50517996,5,1.711578131
50517997,5,1.80893302
50517998,5,1.813873887
50517999,5,2.06255722
50518003,5,1.757343173
50518004,5,1.281282902
50518007,5,1.623038769
50518008,5,1.815513372
50518011,5,1.16977942
50518012,5,1.452065229
50518013,5,2.109323978
50518015,5,1.660747051
50518016,5,1.280239105
50518018,5,1.695137858
50518019,5,1.246141076
50518021,5,1.603151083
50518022,5,1.895680189
50518024,5,1.537270427
50518026,5,1.28713131
50518031,5,1.348479152
50518032,5,2.024246216
50518033,5,1.444550514
50518034,5,1.544808507
50518036,5,1.479059935
50518037,5,0.966360211
50518075,3,1.094551086
50519105,4,2.182855368
50522585,4,0.940071583
50522924,6,1.119225144
50523267,4,1.350012779
50524361,4,1.149417639
50527696,1,1.176169515
